"Statistic Label","Quarter","Migration Flow","Age Group","Nationality","Migration Calculation Method","UNIT","VALUE"
"Estimated migration flows","2022Q3","Inward migration - All","0 - 24 years","Ireland","Base migration calculation method","Number","6860"
"Estimated migration flows","2022Q3","Inward migration - All","0 - 24 years","Ireland","Base plus education migration calculation method","Number","2355"
"Estimated migration flows","2022Q3","Inward migration - All","0 - 24 years","United Kingdom of Great Britain and Northern Ireland","Base migration calculation method","Number","635"
"Estimated migration flows","2022Q3","Inward migration - All","0 - 24 years","United Kingdom of Great Britain and Northern Ireland","Base plus education migration calculation method","Number","592"
"Estimated migration flows","2022Q3","Inward migration - All","0 - 24 years","Brazil","Base migration calculation method","Number","857"
"Estimated migration flows","2022Q3","Inward migration - All","0 - 24 years","Brazil","Base plus education migration calculation method","Number","871"
"Estimated migration flows","2022Q3","Inward migration - All","0 - 24 years","India","Base migration calculation method","Number","1556"
"Estimated migration flows","2022Q3","Inward migration - All","0 - 24 years","India","Base plus education migration calculation method","Number","1590"
"Estimated migration flows","2022Q3","Inward migration - All","0 - 24 years","Ukraine","Base migration calculation method","Number","4570"
"Estimated migration flows","2022Q3","Inward migration - All","0 - 24 years","Ukraine","Base plus education migration calculation method","Number","4733"
"Estimated migration flows","2022Q3","Inward migration - All","0 - 24 years","All nationalities","Base migration calculation method","Number","23892"
"Estimated migration flows","2022Q3","Inward migration - All","0 - 24 years","All nationalities","Base plus education migration calculation method","Number","19114"
"Estimated migration flows","2022Q3","Inward migration - All","0 - 24 years","EU14 excl Irl (countries in the EU pre 2004 excluding UK & Ireland)","Base migration calculation method","Number","2494"
"Estimated migration flows","2022Q3","Inward migration - All","0 - 24 years","EU14 excl Irl (countries in the EU pre 2004 excluding UK & Ireland)","Base plus education migration calculation method","Number","2583"
"Estimated migration flows","2022Q3","Inward migration - All","0 - 24 years","EU15 to EU27 (accession countries joined post 2004)","Base migration calculation method","Number","2972"
"Estimated migration flows","2022Q3","Inward migration - All","0 - 24 years","EU15 to EU27 (accession countries joined post 2004)","Base plus education migration calculation method","Number","2808"
"Estimated migration flows","2022Q3","Inward migration - All","0 - 24 years","Other nationalities (3)","Base migration calculation method","Number","3948"
"Estimated migration flows","2022Q3","Inward migration - All","0 - 24 years","Other nationalities (3)","Base plus education migration calculation method","Number","3582"
"Estimated migration flows","2022Q3","Inward migration - All","25 - 34 years","Ireland","Base migration calculation method","Number","4440"
"Estimated migration flows","2022Q3","Inward migration - All","25 - 34 years","Ireland","Base plus education migration calculation method","Number","3513"
"Estimated migration flows","2022Q3","Inward migration - All","25 - 34 years","United Kingdom of Great Britain and Northern Ireland","Base migration calculation method","Number","453"
"Estimated migration flows","2022Q3","Inward migration - All","25 - 34 years","United Kingdom of Great Britain and Northern Ireland","Base plus education migration calculation method","Number","433"
"Estimated migration flows","2022Q3","Inward migration - All","25 - 34 years","Brazil","Base migration calculation method","Number","2169"
"Estimated migration flows","2022Q3","Inward migration - All","25 - 34 years","Brazil","Base plus education migration calculation method","Number","2162"
"Estimated migration flows","2022Q3","Inward migration - All","25 - 34 years","India","Base migration calculation method","Number","2483"
"Estimated migration flows","2022Q3","Inward migration - All","25 - 34 years","India","Base plus education migration calculation method","Number","2482"
"Estimated migration flows","2022Q3","Inward migration - All","25 - 34 years","Ukraine","Base migration calculation method","Number","2375"
"Estimated migration flows","2022Q3","Inward migration - All","25 - 34 years","Ukraine","Base plus education migration calculation method","Number","2375"
"Estimated migration flows","2022Q3","Inward migration - All","25 - 34 years","All nationalities","Base migration calculation method","Number","21749"
"Estimated migration flows","2022Q3","Inward migration - All","25 - 34 years","All nationalities","Base plus education migration calculation method","Number","20665"
"Estimated migration flows","2022Q3","Inward migration - All","25 - 34 years","EU14 excl Irl (countries in the EU pre 2004 excluding UK & Ireland)","Base migration calculation method","Number","2536"
"Estimated migration flows","2022Q3","Inward migration - All","25 - 34 years","EU14 excl Irl (countries in the EU pre 2004 excluding UK & Ireland)","Base plus education migration calculation method","Number","2516"
"Estimated migration flows","2022Q3","Inward migration - All","25 - 34 years","EU15 to EU27 (accession countries joined post 2004)","Base migration calculation method","Number","1876"
"Estimated migration flows","2022Q3","Inward migration - All","25 - 34 years","EU15 to EU27 (accession countries joined post 2004)","Base plus education migration calculation method","Number","1830"
"Estimated migration flows","2022Q3","Inward migration - All","25 - 34 years","Other nationalities (3)","Base migration calculation method","Number","5417"
"Estimated migration flows","2022Q3","Inward migration - All","25 - 34 years","Other nationalities (3)","Base plus education migration calculation method","Number","5354"
"Estimated migration flows","2022Q3","Inward migration - All","35 - 44 years","Ireland","Base migration calculation method","Number","2293"
"Estimated migration flows","2022Q3","Inward migration - All","35 - 44 years","Ireland","Base plus education migration calculation method","Number","2126"
"Estimated migration flows","2022Q3","Inward migration - All","35 - 44 years","United Kingdom of Great Britain and Northern Ireland","Base migration calculation method","Number","323"
"Estimated migration flows","2022Q3","Inward migration - All","35 - 44 years","United Kingdom of Great Britain and Northern Ireland","Base plus education migration calculation method","Number","317"
"Estimated migration flows","2022Q3","Inward migration - All","35 - 44 years","Brazil","Base migration calculation method","Number","769"
"Estimated migration flows","2022Q3","Inward migration - All","35 - 44 years","Brazil","Base plus education migration calculation method","Number","764"
"Estimated migration flows","2022Q3","Inward migration - All","35 - 44 years","India","Base migration calculation method","Number","1124"
"Estimated migration flows","2022Q3","Inward migration - All","35 - 44 years","India","Base plus education migration calculation method","Number","1124"
"Estimated migration flows","2022Q3","Inward migration - All","35 - 44 years","Ukraine","Base migration calculation method","Number","2862"
"Estimated migration flows","2022Q3","Inward migration - All","35 - 44 years","Ukraine","Base plus education migration calculation method","Number","2862"
"Estimated migration flows","2022Q3","Inward migration - All","35 - 44 years","All nationalities","Base migration calculation method","Number","12465"
"Estimated migration flows","2022Q3","Inward migration - All","35 - 44 years","All nationalities","Base plus education migration calculation method","Number","12253"
"Estimated migration flows","2022Q3","Inward migration - All","35 - 44 years","EU14 excl Irl (countries in the EU pre 2004 excluding UK & Ireland)","Base migration calculation method","Number","875"
"Estimated migration flows","2022Q3","Inward migration - All","35 - 44 years","EU14 excl Irl (countries in the EU pre 2004 excluding UK & Ireland)","Base plus education migration calculation method","Number","870"
"Estimated migration flows","2022Q3","Inward migration - All","35 - 44 years","EU15 to EU27 (accession countries joined post 2004)","Base migration calculation method","Number","1554"
"Estimated migration flows","2022Q3","Inward migration - All","35 - 44 years","EU15 to EU27 (accession countries joined post 2004)","Base plus education migration calculation method","Number","1541"
"Estimated migration flows","2022Q3","Inward migration - All","35 - 44 years","Other nationalities (3)","Base migration calculation method","Number","2665"
"Estimated migration flows","2022Q3","Inward migration - All","35 - 44 years","Other nationalities (3)","Base plus education migration calculation method","Number","2649"
"Estimated migration flows","2022Q3","Inward migration - All","45 years and over","Ireland","Base migration calculation method","Number","5204"
"Estimated migration flows","2022Q3","Inward migration - All","45 years and over","Ireland","Base plus education migration calculation method","Number","5072"
"Estimated migration flows","2022Q3","Inward migration - All","45 years and over","United Kingdom of Great Britain and Northern Ireland","Base migration calculation method","Number","719"
"Estimated migration flows","2022Q3","Inward migration - All","45 years and over","United Kingdom of Great Britain and Northern Ireland","Base plus education migration calculation method","Number","706"
"Estimated migration flows","2022Q3","Inward migration - All","45 years and over","Brazil","Base migration calculation method","Number","215"
"Estimated migration flows","2022Q3","Inward migration - All","45 years and over","Brazil","Base plus education migration calculation method","Number","215"
"Estimated migration flows","2022Q3","Inward migration - All","45 years and over","India","Base migration calculation method","Number","145"
"Estimated migration flows","2022Q3","Inward migration - All","45 years and over","India","Base plus education migration calculation method","Number","144"
"Estimated migration flows","2022Q3","Inward migration - All","45 years and over","Ukraine","Base migration calculation method","Number","3736"
"Estimated migration flows","2022Q3","Inward migration - All","45 years and over","Ukraine","Base plus education migration calculation method","Number","3735"
"Estimated migration flows","2022Q3","Inward migration - All","45 years and over","All nationalities","Base migration calculation method","Number","13717"
"Estimated migration flows","2022Q3","Inward migration - All","45 years and over","All nationalities","Base plus education migration calculation method","Number","13538"
"Estimated migration flows","2022Q3","Inward migration - All","45 years and over","EU14 excl Irl (countries in the EU pre 2004 excluding UK & Ireland)","Base migration calculation method","Number","708"
"Estimated migration flows","2022Q3","Inward migration - All","45 years and over","EU14 excl Irl (countries in the EU pre 2004 excluding UK & Ireland)","Base plus education migration calculation method","Number","702"
"Estimated migration flows","2022Q3","Inward migration - All","45 years and over","EU15 to EU27 (accession countries joined post 2004)","Base migration calculation method","Number","1263"
"Estimated migration flows","2022Q3","Inward migration - All","45 years and over","EU15 to EU27 (accession countries joined post 2004)","Base plus education migration calculation method","Number","1254"
"Estimated migration flows","2022Q3","Inward migration - All","45 years and over","Other nationalities (3)","Base migration calculation method","Number","1727"
"Estimated migration flows","2022Q3","Inward migration - All","45 years and over","Other nationalities (3)","Base plus education migration calculation method","Number","1710"
"Estimated migration flows","2022Q3","Inward migration - All","All ages","Ireland","Base migration calculation method","Number","18797"
"Estimated migration flows","2022Q3","Inward migration - All","All ages","Ireland","Base plus education migration calculation method","Number","13066"
"Estimated migration flows","2022Q3","Inward migration - All","All ages","United Kingdom of Great Britain and Northern Ireland","Base migration calculation method","Number","2130"
"Estimated migration flows","2022Q3","Inward migration - All","All ages","United Kingdom of Great Britain and Northern Ireland","Base plus education migration calculation method","Number","2048"
"Estimated migration flows","2022Q3","Inward migration - All","All ages","Brazil","Base migration calculation method","Number","4010"
"Estimated migration flows","2022Q3","Inward migration - All","All ages","Brazil","Base plus education migration calculation method","Number","4012"
"Estimated migration flows","2022Q3","Inward migration - All","All ages","India","Base migration calculation method","Number","5308"
"Estimated migration flows","2022Q3","Inward migration - All","All ages","India","Base plus education migration calculation method","Number","5340"
"Estimated migration flows","2022Q3","Inward migration - All","All ages","Ukraine","Base migration calculation method","Number","13543"
"Estimated migration flows","2022Q3","Inward migration - All","All ages","Ukraine","Base plus education migration calculation method","Number","13705"
"Estimated migration flows","2022Q3","Inward migration - All","All ages","All nationalities","Base migration calculation method","Number","71823"
"Estimated migration flows","2022Q3","Inward migration - All","All ages","All nationalities","Base plus education migration calculation method","Number","65570"
"Estimated migration flows","2022Q3","Inward migration - All","All ages","EU14 excl Irl (countries in the EU pre 2004 excluding UK & Ireland)","Base migration calculation method","Number","6613"
"Estimated migration flows","2022Q3","Inward migration - All","All ages","EU14 excl Irl (countries in the EU pre 2004 excluding UK & Ireland)","Base plus education migration calculation method","Number","6671"
"Estimated migration flows","2022Q3","Inward migration - All","All ages","EU15 to EU27 (accession countries joined post 2004)","Base migration calculation method","Number","7665"
"Estimated migration flows","2022Q3","Inward migration - All","All ages","EU15 to EU27 (accession countries joined post 2004)","Base plus education migration calculation method","Number","7433"
"Estimated migration flows","2022Q3","Inward migration - All","All ages","Other nationalities (3)","Base migration calculation method","Number","13757"
"Estimated migration flows","2022Q3","Inward migration - All","All ages","Other nationalities (3)","Base plus education migration calculation method","Number","13295"
"Estimated migration flows","2022Q3","Outward migration","0 - 24 years","Ireland","Base migration calculation method","Number","5213"
"Estimated migration flows","2022Q3","Outward migration","0 - 24 years","Ireland","Base plus education migration calculation method","Number","2984"
"Estimated migration flows","2022Q3","Outward migration","0 - 24 years","United Kingdom of Great Britain and Northern Ireland","Base migration calculation method","Number","229"
"Estimated migration flows","2022Q3","Outward migration","0 - 24 years","United Kingdom of Great Britain and Northern Ireland","Base plus education migration calculation method","Number","162"
"Estimated migration flows","2022Q3","Outward migration","0 - 24 years","Brazil","Base migration calculation method","Number","74"
"Estimated migration flows","2022Q3","Outward migration","0 - 24 years","Brazil","Base plus education migration calculation method","Number","67"
"Estimated migration flows","2022Q3","Outward migration","0 - 24 years","India","Base migration calculation method","Number","57"
"Estimated migration flows","2022Q3","Outward migration","0 - 24 years","India","Base plus education migration calculation method","Number",""
"Estimated migration flows","2022Q3","Outward migration","0 - 24 years","Ukraine","Base migration calculation method","Number","3"
"Estimated migration flows","2022Q3","Outward migration","0 - 24 years","Ukraine","Base plus education migration calculation method","Number",""
"Estimated migration flows","2022Q3","Outward migration","0 - 24 years","All nationalities","Base migration calculation method","Number","7944"
"Estimated migration flows","2022Q3","Outward migration","0 - 24 years","All nationalities","Base plus education migration calculation method","Number","5214"
"Estimated migration flows","2022Q3","Outward migration","0 - 24 years","EU14 excl Irl (countries in the EU pre 2004 excluding UK & Ireland)","Base migration calculation method","Number","796"
"Estimated migration flows","2022Q3","Outward migration","0 - 24 years","EU14 excl Irl (countries in the EU pre 2004 excluding UK & Ireland)","Base plus education migration calculation method","Number","750"
"Estimated migration flows","2022Q3","Outward migration","0 - 24 years","EU15 to EU27 (accession countries joined post 2004)","Base migration calculation method","Number","992"
"Estimated migration flows","2022Q3","Outward migration","0 - 24 years","EU15 to EU27 (accession countries joined post 2004)","Base plus education migration calculation method","Number","879"
"Estimated migration flows","2022Q3","Outward migration","0 - 24 years","Other nationalities (3)","Base migration calculation method","Number","580"
"Estimated migration flows","2022Q3","Outward migration","0 - 24 years","Other nationalities (3)","Base plus education migration calculation method","Number","330"
"Estimated migration flows","2022Q3","Outward migration","25 - 34 years","Ireland","Base migration calculation method","Number","5467"
"Estimated migration flows","2022Q3","Outward migration","25 - 34 years","Ireland","Base plus education migration calculation method","Number","5150"
"Estimated migration flows","2022Q3","Outward migration","25 - 34 years","United Kingdom of Great Britain and Northern Ireland","Base migration calculation method","Number","398"
"Estimated migration flows","2022Q3","Outward migration","25 - 34 years","United Kingdom of Great Britain and Northern Ireland","Base plus education migration calculation method","Number","388"
"Estimated migration flows","2022Q3","Outward migration","25 - 34 years","Brazil","Base migration calculation method","Number","491"
"Estimated migration flows","2022Q3","Outward migration","25 - 34 years","Brazil","Base plus education migration calculation method","Number","480"
"Estimated migration flows","2022Q3","Outward migration","25 - 34 years","India","Base migration calculation method","Number","300"
"Estimated migration flows","2022Q3","Outward migration","25 - 34 years","India","Base plus education migration calculation method","Number",""
"Estimated migration flows","2022Q3","Outward migration","25 - 34 years","Ukraine","Base migration calculation method","Number","7"
"Estimated migration flows","2022Q3","Outward migration","25 - 34 years","Ukraine","Base plus education migration calculation method","Number",""
"Estimated migration flows","2022Q3","Outward migration","25 - 34 years","All nationalities","Base migration calculation method","Number","11423"
"Estimated migration flows","2022Q3","Outward migration","25 - 34 years","All nationalities","Base plus education migration calculation method","Number","10985"
"Estimated migration flows","2022Q3","Outward migration","25 - 34 years","EU14 excl Irl (countries in the EU pre 2004 excluding UK & Ireland)","Base migration calculation method","Number","1693"
"Estimated migration flows","2022Q3","Outward migration","25 - 34 years","EU14 excl Irl (countries in the EU pre 2004 excluding UK & Ireland)","Base plus education migration calculation method","Number","1665"
"Estimated migration flows","2022Q3","Outward migration","25 - 34 years","EU15 to EU27 (accession countries joined post 2004)","Base migration calculation method","Number","2068"
"Estimated migration flows","2022Q3","Outward migration","25 - 34 years","EU15 to EU27 (accession countries joined post 2004)","Base plus education migration calculation method","Number","2046"
"Estimated migration flows","2022Q3","Outward migration","25 - 34 years","Other nationalities (3)","Base migration calculation method","Number","999"
"Estimated migration flows","2022Q3","Outward migration","25 - 34 years","Other nationalities (3)","Base plus education migration calculation method","Number","958"
"Estimated migration flows","2022Q3","Outward migration","35 - 44 years","Ireland","Base migration calculation method","Number","2733"
"Estimated migration flows","2022Q3","Outward migration","35 - 44 years","Ireland","Base plus education migration calculation method","Number","2647"
"Estimated migration flows","2022Q3","Outward migration","35 - 44 years","United Kingdom of Great Britain and Northern Ireland","Base migration calculation method","Number","328"
"Estimated migration flows","2022Q3","Outward migration","35 - 44 years","United Kingdom of Great Britain and Northern Ireland","Base plus education migration calculation method","Number","323"
"Estimated migration flows","2022Q3","Outward migration","35 - 44 years","Brazil","Base migration calculation method","Number","290"
"Estimated migration flows","2022Q3","Outward migration","35 - 44 years","Brazil","Base plus education migration calculation method","Number","287"
"Estimated migration flows","2022Q3","Outward migration","35 - 44 years","India","Base migration calculation method","Number","148"
"Estimated migration flows","2022Q3","Outward migration","35 - 44 years","India","Base plus education migration calculation method","Number",""
"Estimated migration flows","2022Q3","Outward migration","35 - 44 years","Ukraine","Base migration calculation method","Number","11"
"Estimated migration flows","2022Q3","Outward migration","35 - 44 years","Ukraine","Base plus education migration calculation method","Number",""
"Estimated migration flows","2022Q3","Outward migration","35 - 44 years","All nationalities","Base migration calculation method","Number","7234"
"Estimated migration flows","2022Q3","Outward migration","35 - 44 years","All nationalities","Base plus education migration calculation method","Number","7096"
"Estimated migration flows","2022Q3","Outward migration","35 - 44 years","EU14 excl Irl (countries in the EU pre 2004 excluding UK & Ireland)","Base migration calculation method","Number","773"
"Estimated migration flows","2022Q3","Outward migration","35 - 44 years","EU14 excl Irl (countries in the EU pre 2004 excluding UK & Ireland)","Base plus education migration calculation method","Number","769"
"Estimated migration flows","2022Q3","Outward migration","35 - 44 years","EU15 to EU27 (accession countries joined post 2004)","Base migration calculation method","Number","2142"
"Estimated migration flows","2022Q3","Outward migration","35 - 44 years","EU15 to EU27 (accession countries joined post 2004)","Base plus education migration calculation method","Number","2124"
"Estimated migration flows","2022Q3","Outward migration","35 - 44 years","Other nationalities (3)","Base migration calculation method","Number","809"
"Estimated migration flows","2022Q3","Outward migration","35 - 44 years","Other nationalities (3)","Base plus education migration calculation method","Number","792"
"Estimated migration flows","2022Q3","Outward migration","45 years and over","Ireland","Base migration calculation method","Number","6519"
"Estimated migration flows","2022Q3","Outward migration","45 years and over","Ireland","Base plus education migration calculation method","Number","6400"
"Estimated migration flows","2022Q3","Outward migration","45 years and over","United Kingdom of Great Britain and Northern Ireland","Base migration calculation method","Number","763"
"Estimated migration flows","2022Q3","Outward migration","45 years and over","United Kingdom of Great Britain and Northern Ireland","Base plus education migration calculation method","Number","754"
"Estimated migration flows","2022Q3","Outward migration","45 years and over","Brazil","Base migration calculation method","Number","75"
"Estimated migration flows","2022Q3","Outward migration","45 years and over","Brazil","Base plus education migration calculation method","Number","72"
"Estimated migration flows","2022Q3","Outward migration","45 years and over","India","Base migration calculation method","Number","50"
"Estimated migration flows","2022Q3","Outward migration","45 years and over","India","Base plus education migration calculation method","Number",""
"Estimated migration flows","2022Q3","Outward migration","45 years and over","Ukraine","Base migration calculation method","Number","11"
"Estimated migration flows","2022Q3","Outward migration","45 years and over","Ukraine","Base plus education migration calculation method","Number",""
"Estimated migration flows","2022Q3","Outward migration","45 years and over","All nationalities","Base migration calculation method","Number","10533"
"Estimated migration flows","2022Q3","Outward migration","45 years and over","All nationalities","Base plus education migration calculation method","Number","10368"
"Estimated migration flows","2022Q3","Outward migration","45 years and over","EU14 excl Irl (countries in the EU pre 2004 excluding UK & Ireland)","Base migration calculation method","Number","472"
"Estimated migration flows","2022Q3","Outward migration","45 years and over","EU14 excl Irl (countries in the EU pre 2004 excluding UK & Ireland)","Base plus education migration calculation method","Number","467"
"Estimated migration flows","2022Q3","Outward migration","45 years and over","EU15 to EU27 (accession countries joined post 2004)","Base migration calculation method","Number","1603"
"Estimated migration flows","2022Q3","Outward migration","45 years and over","EU15 to EU27 (accession countries joined post 2004)","Base plus education migration calculation method","Number","1597"
"Estimated migration flows","2022Q3","Outward migration","45 years and over","Other nationalities (3)","Base migration calculation method","Number","1040"
"Estimated migration flows","2022Q3","Outward migration","45 years and over","Other nationalities (3)","Base plus education migration calculation method","Number","1018"
"Estimated migration flows","2022Q3","Outward migration","All ages","Ireland","Base migration calculation method","Number","19932"
"Estimated migration flows","2022Q3","Outward migration","All ages","Ireland","Base plus education migration calculation method","Number","17181"
"Estimated migration flows","2022Q3","Outward migration","All ages","United Kingdom of Great Britain and Northern Ireland","Base migration calculation method","Number","1718"
"Estimated migration flows","2022Q3","Outward migration","All ages","United Kingdom of Great Britain and Northern Ireland","Base plus education migration calculation method","Number","1627"
"Estimated migration flows","2022Q3","Outward migration","All ages","Brazil","Base migration calculation method","Number","930"
"Estimated migration flows","2022Q3","Outward migration","All ages","Brazil","Base plus education migration calculation method","Number","906"
"Estimated migration flows","2022Q3","Outward migration","All ages","India","Base migration calculation method","Number","555"
"Estimated migration flows","2022Q3","Outward migration","All ages","India","Base plus education migration calculation method","Number",""
"Estimated migration flows","2022Q3","Outward migration","All ages","Ukraine","Base migration calculation method","Number","32"
"Estimated migration flows","2022Q3","Outward migration","All ages","Ukraine","Base plus education migration calculation method","Number",""
"Estimated migration flows","2022Q3","Outward migration","All ages","All nationalities","Base migration calculation method","Number","37134"
"Estimated migration flows","2022Q3","Outward migration","All ages","All nationalities","Base plus education migration calculation method","Number","33663"
"Estimated migration flows","2022Q3","Outward migration","All ages","EU14 excl Irl (countries in the EU pre 2004 excluding UK & Ireland)","Base migration calculation method","Number","3734"
"Estimated migration flows","2022Q3","Outward migration","All ages","EU14 excl Irl (countries in the EU pre 2004 excluding UK & Ireland)","Base plus education migration calculation method","Number","3651"
"Estimated migration flows","2022Q3","Outward migration","All ages","EU15 to EU27 (accession countries joined post 2004)","Base migration calculation method","Number","6805"
"Estimated migration flows","2022Q3","Outward migration","All ages","EU15 to EU27 (accession countries joined post 2004)","Base plus education migration calculation method","Number","6646"
"Estimated migration flows","2022Q3","Outward migration","All ages","Other nationalities (3)","Base migration calculation method","Number","3428"
"Estimated migration flows","2022Q3","Outward migration","All ages","Other nationalities (3)","Base plus education migration calculation method","Number","3098"
"Estimated migration flows","2022Q3","Net migration","0 - 24 years","Ireland","Base migration calculation method","Number","1647"
"Estimated migration flows","2022Q3","Net migration","0 - 24 years","Ireland","Base plus education migration calculation method","Number","-629"
"Estimated migration flows","2022Q3","Net migration","0 - 24 years","United Kingdom of Great Britain and Northern Ireland","Base migration calculation method","Number","406"
"Estimated migration flows","2022Q3","Net migration","0 - 24 years","United Kingdom of Great Britain and Northern Ireland","Base plus education migration calculation method","Number","430"
"Estimated migration flows","2022Q3","Net migration","0 - 24 years","Brazil","Base migration calculation method","Number","783"
"Estimated migration flows","2022Q3","Net migration","0 - 24 years","Brazil","Base plus education migration calculation method","Number","804"
"Estimated migration flows","2022Q3","Net migration","0 - 24 years","India","Base migration calculation method","Number","1499"
"Estimated migration flows","2022Q3","Net migration","0 - 24 years","India","Base plus education migration calculation method","Number","1550"
"Estimated migration flows","2022Q3","Net migration","0 - 24 years","Ukraine","Base migration calculation method","Number","4567"
"Estimated migration flows","2022Q3","Net migration","0 - 24 years","Ukraine","Base plus education migration calculation method","Number","4731"
"Estimated migration flows","2022Q3","Net migration","0 - 24 years","All nationalities","Base migration calculation method","Number","15948"
"Estimated migration flows","2022Q3","Net migration","0 - 24 years","All nationalities","Base plus education migration calculation method","Number","13900"
"Estimated migration flows","2022Q3","Net migration","0 - 24 years","EU14 excl Irl (countries in the EU pre 2004 excluding UK & Ireland)","Base migration calculation method","Number","1698"
"Estimated migration flows","2022Q3","Net migration","0 - 24 years","EU14 excl Irl (countries in the EU pre 2004 excluding UK & Ireland)","Base plus education migration calculation method","Number","1833"
"Estimated migration flows","2022Q3","Net migration","0 - 24 years","EU15 to EU27 (accession countries joined post 2004)","Base migration calculation method","Number","1980"
"Estimated migration flows","2022Q3","Net migration","0 - 24 years","EU15 to EU27 (accession countries joined post 2004)","Base plus education migration calculation method","Number","1929"
"Estimated migration flows","2022Q3","Net migration","0 - 24 years","Other nationalities (3)","Base migration calculation method","Number","3368"
"Estimated migration flows","2022Q3","Net migration","0 - 24 years","Other nationalities (3)","Base plus education migration calculation method","Number","3252"
"Estimated migration flows","2022Q3","Net migration","25 - 34 years","Ireland","Base migration calculation method","Number","-1027"
"Estimated migration flows","2022Q3","Net migration","25 - 34 years","Ireland","Base plus education migration calculation method","Number","-1637"
"Estimated migration flows","2022Q3","Net migration","25 - 34 years","United Kingdom of Great Britain and Northern Ireland","Base migration calculation method","Number","55"
"Estimated migration flows","2022Q3","Net migration","25 - 34 years","United Kingdom of Great Britain and Northern Ireland","Base plus education migration calculation method","Number","45"
"Estimated migration flows","2022Q3","Net migration","25 - 34 years","Brazil","Base migration calculation method","Number","1678"
"Estimated migration flows","2022Q3","Net migration","25 - 34 years","Brazil","Base plus education migration calculation method","Number","1682"
"Estimated migration flows","2022Q3","Net migration","25 - 34 years","India","Base migration calculation method","Number","2183"
"Estimated migration flows","2022Q3","Net migration","25 - 34 years","India","Base plus education migration calculation method","Number","2191"
"Estimated migration flows","2022Q3","Net migration","25 - 34 years","Ukraine","Base migration calculation method","Number","2368"
"Estimated migration flows","2022Q3","Net migration","25 - 34 years","Ukraine","Base plus education migration calculation method","Number","2368"
"Estimated migration flows","2022Q3","Net migration","25 - 34 years","All nationalities","Base migration calculation method","Number","10326"
"Estimated migration flows","2022Q3","Net migration","25 - 34 years","All nationalities","Base plus education migration calculation method","Number","9680"
"Estimated migration flows","2022Q3","Net migration","25 - 34 years","EU14 excl Irl (countries in the EU pre 2004 excluding UK & Ireland)","Base migration calculation method","Number","843"
"Estimated migration flows","2022Q3","Net migration","25 - 34 years","EU14 excl Irl (countries in the EU pre 2004 excluding UK & Ireland)","Base plus education migration calculation method","Number","851"
"Estimated migration flows","2022Q3","Net migration","25 - 34 years","EU15 to EU27 (accession countries joined post 2004)","Base migration calculation method","Number","-192"
"Estimated migration flows","2022Q3","Net migration","25 - 34 years","EU15 to EU27 (accession countries joined post 2004)","Base plus education migration calculation method","Number","-216"
"Estimated migration flows","2022Q3","Net migration","25 - 34 years","Other nationalities (3)","Base migration calculation method","Number","4418"
"Estimated migration flows","2022Q3","Net migration","25 - 34 years","Other nationalities (3)","Base plus education migration calculation method","Number","4396"
"Estimated migration flows","2022Q3","Net migration","35 - 44 years","Ireland","Base migration calculation method","Number","-440"
"Estimated migration flows","2022Q3","Net migration","35 - 44 years","Ireland","Base plus education migration calculation method","Number","-521"
"Estimated migration flows","2022Q3","Net migration","35 - 44 years","United Kingdom of Great Britain and Northern Ireland","Base migration calculation method","Number","-5"
"Estimated migration flows","2022Q3","Net migration","35 - 44 years","United Kingdom of Great Britain and Northern Ireland","Base plus education migration calculation method","Number","-6"
"Estimated migration flows","2022Q3","Net migration","35 - 44 years","Brazil","Base migration calculation method","Number","479"
"Estimated migration flows","2022Q3","Net migration","35 - 44 years","Brazil","Base plus education migration calculation method","Number","477"
"Estimated migration flows","2022Q3","Net migration","35 - 44 years","India","Base migration calculation method","Number","976"
"Estimated migration flows","2022Q3","Net migration","35 - 44 years","India","Base plus education migration calculation method","Number","981"
"Estimated migration flows","2022Q3","Net migration","35 - 44 years","Ukraine","Base migration calculation method","Number","2851"
"Estimated migration flows","2022Q3","Net migration","35 - 44 years","Ukraine","Base plus education migration calculation method","Number","2851"
"Estimated migration flows","2022Q3","Net migration","35 - 44 years","All nationalities","Base migration calculation method","Number","5231"
"Estimated migration flows","2022Q3","Net migration","35 - 44 years","All nationalities","Base plus education migration calculation method","Number","5157"
"Estimated migration flows","2022Q3","Net migration","35 - 44 years","EU14 excl Irl (countries in the EU pre 2004 excluding UK & Ireland)","Base migration calculation method","Number","102"
"Estimated migration flows","2022Q3","Net migration","35 - 44 years","EU14 excl Irl (countries in the EU pre 2004 excluding UK & Ireland)","Base plus education migration calculation method","Number","101"
"Estimated migration flows","2022Q3","Net migration","35 - 44 years","EU15 to EU27 (accession countries joined post 2004)","Base migration calculation method","Number","-588"
"Estimated migration flows","2022Q3","Net migration","35 - 44 years","EU15 to EU27 (accession countries joined post 2004)","Base plus education migration calculation method","Number","-583"
"Estimated migration flows","2022Q3","Net migration","35 - 44 years","Other nationalities (3)","Base migration calculation method","Number","1856"
"Estimated migration flows","2022Q3","Net migration","35 - 44 years","Other nationalities (3)","Base plus education migration calculation method","Number","1857"
"Estimated migration flows","2022Q3","Net migration","45 years and over","Ireland","Base migration calculation method","Number","-1315"
"Estimated migration flows","2022Q3","Net migration","45 years and over","Ireland","Base plus education migration calculation method","Number","-1328"
"Estimated migration flows","2022Q3","Net migration","45 years and over","United Kingdom of Great Britain and Northern Ireland","Base migration calculation method","Number","-44"
"Estimated migration flows","2022Q3","Net migration","45 years and over","United Kingdom of Great Britain and Northern Ireland","Base plus education migration calculation method","Number","-48"
"Estimated migration flows","2022Q3","Net migration","45 years and over","Brazil","Base migration calculation method","Number","140"
"Estimated migration flows","2022Q3","Net migration","45 years and over","Brazil","Base plus education migration calculation method","Number","143"
"Estimated migration flows","2022Q3","Net migration","45 years and over","India","Base migration calculation method","Number","95"
"Estimated migration flows","2022Q3","Net migration","45 years and over","India","Base plus education migration calculation method","Number","95"
"Estimated migration flows","2022Q3","Net migration","45 years and over","Ukraine","Base migration calculation method","Number","3725"
"Estimated migration flows","2022Q3","Net migration","45 years and over","Ukraine","Base plus education migration calculation method","Number","3724"
"Estimated migration flows","2022Q3","Net migration","45 years and over","All nationalities","Base migration calculation method","Number","3184"
"Estimated migration flows","2022Q3","Net migration","45 years and over","All nationalities","Base plus education migration calculation method","Number","3170"
"Estimated migration flows","2022Q3","Net migration","45 years and over","EU14 excl Irl (countries in the EU pre 2004 excluding UK & Ireland)","Base migration calculation method","Number","236"
"Estimated migration flows","2022Q3","Net migration","45 years and over","EU14 excl Irl (countries in the EU pre 2004 excluding UK & Ireland)","Base plus education migration calculation method","Number","235"
"Estimated migration flows","2022Q3","Net migration","45 years and over","EU15 to EU27 (accession countries joined post 2004)","Base migration calculation method","Number","-340"
"Estimated migration flows","2022Q3","Net migration","45 years and over","EU15 to EU27 (accession countries joined post 2004)","Base plus education migration calculation method","Number","-343"
"Estimated migration flows","2022Q3","Net migration","45 years and over","Other nationalities (3)","Base migration calculation method","Number","687"
"Estimated migration flows","2022Q3","Net migration","45 years and over","Other nationalities (3)","Base plus education migration calculation method","Number","692"
"Estimated migration flows","2022Q3","Net migration","All ages","Ireland","Base migration calculation method","Number","-1135"
"Estimated migration flows","2022Q3","Net migration","All ages","Ireland","Base plus education migration calculation method","Number","-4115"
"Estimated migration flows","2022Q3","Net migration","All ages","United Kingdom of Great Britain and Northern Ireland","Base migration calculation method","Number","412"
"Estimated migration flows","2022Q3","Net migration","All ages","United Kingdom of Great Britain and Northern Ireland","Base plus education migration calculation method","Number","421"
"Estimated migration flows","2022Q3","Net migration","All ages","Brazil","Base migration calculation method","Number","3080"
"Estimated migration flows","2022Q3","Net migration","All ages","Brazil","Base plus education migration calculation method","Number","3106"
"Estimated migration flows","2022Q3","Net migration","All ages","India","Base migration calculation method","Number","4753"
"Estimated migration flows","2022Q3","Net migration","All ages","India","Base plus education migration calculation method","Number","4817"
"Estimated migration flows","2022Q3","Net migration","All ages","Ukraine","Base migration calculation method","Number","13511"
"Estimated migration flows","2022Q3","Net migration","All ages","Ukraine","Base plus education migration calculation method","Number","13674"
"Estimated migration flows","2022Q3","Net migration","All ages","All nationalities","Base migration calculation method","Number","34689"
"Estimated migration flows","2022Q3","Net migration","All ages","All nationalities","Base plus education migration calculation method","Number","31907"
"Estimated migration flows","2022Q3","Net migration","All ages","EU14 excl Irl (countries in the EU pre 2004 excluding UK & Ireland)","Base migration calculation method","Number","2879"
"Estimated migration flows","2022Q3","Net migration","All ages","EU14 excl Irl (countries in the EU pre 2004 excluding UK & Ireland)","Base plus education migration calculation method","Number","3020"
"Estimated migration flows","2022Q3","Net migration","All ages","EU15 to EU27 (accession countries joined post 2004)","Base migration calculation method","Number","860"
"Estimated migration flows","2022Q3","Net migration","All ages","EU15 to EU27 (accession countries joined post 2004)","Base plus education migration calculation method","Number","787"
"Estimated migration flows","2022Q3","Net migration","All ages","Other nationalities (3)","Base migration calculation method","Number","10329"
"Estimated migration flows","2022Q3","Net migration","All ages","Other nationalities (3)","Base plus education migration calculation method","Number","10197"
"Estimated migration flows","2022Q4","Inward migration - All","0 - 24 years","Ireland","Base migration calculation method","Number","4177"
"Estimated migration flows","2022Q4","Inward migration - All","0 - 24 years","Ireland","Base plus education migration calculation method","Number","2999"
"Estimated migration flows","2022Q4","Inward migration - All","0 - 24 years","United Kingdom of Great Britain and Northern Ireland","Base migration calculation method","Number","374"
"Estimated migration flows","2022Q4","Inward migration - All","0 - 24 years","United Kingdom of Great Britain and Northern Ireland","Base plus education migration calculation method","Number","368"
"Estimated migration flows","2022Q4","Inward migration - All","0 - 24 years","Brazil","Base migration calculation method","Number","531"
"Estimated migration flows","2022Q4","Inward migration - All","0 - 24 years","Brazil","Base plus education migration calculation method","Number","553"
"Estimated migration flows","2022Q4","Inward migration - All","0 - 24 years","India","Base migration calculation method","Number","2129"
"Estimated migration flows","2022Q4","Inward migration - All","0 - 24 years","India","Base plus education migration calculation method","Number","2145"
"Estimated migration flows","2022Q4","Inward migration - All","0 - 24 years","Ukraine","Base migration calculation method","Number","4326"
"Estimated migration flows","2022Q4","Inward migration - All","0 - 24 years","Ukraine","Base plus education migration calculation method","Number","4324"
"Estimated migration flows","2022Q4","Inward migration - All","0 - 24 years","All nationalities","Base migration calculation method","Number","19937"
"Estimated migration flows","2022Q4","Inward migration - All","0 - 24 years","All nationalities","Base plus education migration calculation method","Number","18803"
"Estimated migration flows","2022Q4","Inward migration - All","0 - 24 years","EU14 excl Irl (countries in the EU pre 2004 excluding UK & Ireland)","Base migration calculation method","Number","2493"
"Estimated migration flows","2022Q4","Inward migration - All","0 - 24 years","EU14 excl Irl (countries in the EU pre 2004 excluding UK & Ireland)","Base plus education migration calculation method","Number","2537"
"Estimated migration flows","2022Q4","Inward migration - All","0 - 24 years","EU15 to EU27 (accession countries joined post 2004)","Base migration calculation method","Number","2276"
"Estimated migration flows","2022Q4","Inward migration - All","0 - 24 years","EU15 to EU27 (accession countries joined post 2004)","Base plus education migration calculation method","Number","2319"
"Estimated migration flows","2022Q4","Inward migration - All","0 - 24 years","Other nationalities (3)","Base migration calculation method","Number","3631"
"Estimated migration flows","2022Q4","Inward migration - All","0 - 24 years","Other nationalities (3)","Base plus education migration calculation method","Number","3558"
"Estimated migration flows","2022Q4","Inward migration - All","25 - 34 years","Ireland","Base migration calculation method","Number","3282"
"Estimated migration flows","2022Q4","Inward migration - All","25 - 34 years","Ireland","Base plus education migration calculation method","Number","2989"
"Estimated migration flows","2022Q4","Inward migration - All","25 - 34 years","United Kingdom of Great Britain and Northern Ireland","Base migration calculation method","Number","342"
"Estimated migration flows","2022Q4","Inward migration - All","25 - 34 years","United Kingdom of Great Britain and Northern Ireland","Base plus education migration calculation method","Number","337"
"Estimated migration flows","2022Q4","Inward migration - All","25 - 34 years","Brazil","Base migration calculation method","Number","1389"
"Estimated migration flows","2022Q4","Inward migration - All","25 - 34 years","Brazil","Base plus education migration calculation method","Number","1378"
"Estimated migration flows","2022Q4","Inward migration - All","25 - 34 years","India","Base migration calculation method","Number","3376"
"Estimated migration flows","2022Q4","Inward migration - All","25 - 34 years","India","Base plus education migration calculation method","Number","3362"
"Estimated migration flows","2022Q4","Inward migration - All","25 - 34 years","Ukraine","Base migration calculation method","Number","2219"
"Estimated migration flows","2022Q4","Inward migration - All","25 - 34 years","Ukraine","Base plus education migration calculation method","Number","2218"
"Estimated migration flows","2022Q4","Inward migration - All","25 - 34 years","All nationalities","Base migration calculation method","Number","19884"
"Estimated migration flows","2022Q4","Inward migration - All","25 - 34 years","All nationalities","Base plus education migration calculation method","Number","19510"
"Estimated migration flows","2022Q4","Inward migration - All","25 - 34 years","EU14 excl Irl (countries in the EU pre 2004 excluding UK & Ireland)","Base migration calculation method","Number","2251"
"Estimated migration flows","2022Q4","Inward migration - All","25 - 34 years","EU14 excl Irl (countries in the EU pre 2004 excluding UK & Ireland)","Base plus education migration calculation method","Number","2227"
"Estimated migration flows","2022Q4","Inward migration - All","25 - 34 years","EU15 to EU27 (accession countries joined post 2004)","Base migration calculation method","Number","1841"
"Estimated migration flows","2022Q4","Inward migration - All","25 - 34 years","EU15 to EU27 (accession countries joined post 2004)","Base plus education migration calculation method","Number","1827"
"Estimated migration flows","2022Q4","Inward migration - All","25 - 34 years","Other nationalities (3)","Base migration calculation method","Number","5184"
"Estimated migration flows","2022Q4","Inward migration - All","25 - 34 years","Other nationalities (3)","Base plus education migration calculation method","Number","5172"
"Estimated migration flows","2022Q4","Inward migration - All","35 - 44 years","Ireland","Base migration calculation method","Number","2253"
"Estimated migration flows","2022Q4","Inward migration - All","35 - 44 years","Ireland","Base plus education migration calculation method","Number","2175"
"Estimated migration flows","2022Q4","Inward migration - All","35 - 44 years","United Kingdom of Great Britain and Northern Ireland","Base migration calculation method","Number","284"
"Estimated migration flows","2022Q4","Inward migration - All","35 - 44 years","United Kingdom of Great Britain and Northern Ireland","Base plus education migration calculation method","Number","280"
"Estimated migration flows","2022Q4","Inward migration - All","35 - 44 years","Brazil","Base migration calculation method","Number","568"
"Estimated migration flows","2022Q4","Inward migration - All","35 - 44 years","Brazil","Base plus education migration calculation method","Number","565"
"Estimated migration flows","2022Q4","Inward migration - All","35 - 44 years","India","Base migration calculation method","Number","1209"
"Estimated migration flows","2022Q4","Inward migration - All","35 - 44 years","India","Base plus education migration calculation method","Number","1199"
"Estimated migration flows","2022Q4","Inward migration - All","35 - 44 years","Ukraine","Base migration calculation method","Number","2577"
"Estimated migration flows","2022Q4","Inward migration - All","35 - 44 years","Ukraine","Base plus education migration calculation method","Number","2576"
"Estimated migration flows","2022Q4","Inward migration - All","35 - 44 years","All nationalities","Base migration calculation method","Number","11833"
"Estimated migration flows","2022Q4","Inward migration - All","35 - 44 years","All nationalities","Base plus education migration calculation method","Number","11695"
"Estimated migration flows","2022Q4","Inward migration - All","35 - 44 years","EU14 excl Irl (countries in the EU pre 2004 excluding UK & Ireland)","Base migration calculation method","Number","777"
"Estimated migration flows","2022Q4","Inward migration - All","35 - 44 years","EU14 excl Irl (countries in the EU pre 2004 excluding UK & Ireland)","Base plus education migration calculation method","Number","773"
"Estimated migration flows","2022Q4","Inward migration - All","35 - 44 years","EU15 to EU27 (accession countries joined post 2004)","Base migration calculation method","Number","1451"
"Estimated migration flows","2022Q4","Inward migration - All","35 - 44 years","EU15 to EU27 (accession countries joined post 2004)","Base plus education migration calculation method","Number","1442"
"Estimated migration flows","2022Q4","Inward migration - All","35 - 44 years","Other nationalities (3)","Base migration calculation method","Number","2714"
"Estimated migration flows","2022Q4","Inward migration - All","35 - 44 years","Other nationalities (3)","Base plus education migration calculation method","Number","2685"
"Estimated migration flows","2022Q4","Inward migration - All","45 years and over","Ireland","Base migration calculation method","Number","5375"
"Estimated migration flows","2022Q4","Inward migration - All","45 years and over","Ireland","Base plus education migration calculation method","Number","5282"
"Estimated migration flows","2022Q4","Inward migration - All","45 years and over","United Kingdom of Great Britain and Northern Ireland","Base migration calculation method","Number","778"
"Estimated migration flows","2022Q4","Inward migration - All","45 years and over","United Kingdom of Great Britain and Northern Ireland","Base plus education migration calculation method","Number","768"
"Estimated migration flows","2022Q4","Inward migration - All","45 years and over","Brazil","Base migration calculation method","Number","147"
"Estimated migration flows","2022Q4","Inward migration - All","45 years and over","Brazil","Base plus education migration calculation method","Number","146"
"Estimated migration flows","2022Q4","Inward migration - All","45 years and over","India","Base migration calculation method","Number","146"
"Estimated migration flows","2022Q4","Inward migration - All","45 years and over","India","Base plus education migration calculation method","Number","143"
"Estimated migration flows","2022Q4","Inward migration - All","45 years and over","Ukraine","Base migration calculation method","Number","3929"
"Estimated migration flows","2022Q4","Inward migration - All","45 years and over","Ukraine","Base plus education migration calculation method","Number","3930"
"Estimated migration flows","2022Q4","Inward migration - All","45 years and over","All nationalities","Base migration calculation method","Number","13990"
"Estimated migration flows","2022Q4","Inward migration - All","45 years and over","All nationalities","Base plus education migration calculation method","Number","13861"
"Estimated migration flows","2022Q4","Inward migration - All","45 years and over","EU14 excl Irl (countries in the EU pre 2004 excluding UK & Ireland)","Base migration calculation method","Number","650"
"Estimated migration flows","2022Q4","Inward migration - All","45 years and over","EU14 excl Irl (countries in the EU pre 2004 excluding UK & Ireland)","Base plus education migration calculation method","Number","649"
"Estimated migration flows","2022Q4","Inward migration - All","45 years and over","EU15 to EU27 (accession countries joined post 2004)","Base migration calculation method","Number","1213"
"Estimated migration flows","2022Q4","Inward migration - All","45 years and over","EU15 to EU27 (accession countries joined post 2004)","Base plus education migration calculation method","Number","1204"
"Estimated migration flows","2022Q4","Inward migration - All","45 years and over","Other nationalities (3)","Base migration calculation method","Number","1752"
"Estimated migration flows","2022Q4","Inward migration - All","45 years and over","Other nationalities (3)","Base plus education migration calculation method","Number","1739"
"Estimated migration flows","2022Q4","Inward migration - All","All ages","Ireland","Base migration calculation method","Number","15087"
"Estimated migration flows","2022Q4","Inward migration - All","All ages","Ireland","Base plus education migration calculation method","Number","13445"
"Estimated migration flows","2022Q4","Inward migration - All","All ages","United Kingdom of Great Britain and Northern Ireland","Base migration calculation method","Number","1778"
"Estimated migration flows","2022Q4","Inward migration - All","All ages","United Kingdom of Great Britain and Northern Ireland","Base plus education migration calculation method","Number","1753"
"Estimated migration flows","2022Q4","Inward migration - All","All ages","Brazil","Base migration calculation method","Number","2635"
"Estimated migration flows","2022Q4","Inward migration - All","All ages","Brazil","Base plus education migration calculation method","Number","2642"
"Estimated migration flows","2022Q4","Inward migration - All","All ages","India","Base migration calculation method","Number","6860"
"Estimated migration flows","2022Q4","Inward migration - All","All ages","India","Base plus education migration calculation method","Number","6849"
"Estimated migration flows","2022Q4","Inward migration - All","All ages","Ukraine","Base migration calculation method","Number","13051"
"Estimated migration flows","2022Q4","Inward migration - All","All ages","Ukraine","Base plus education migration calculation method","Number","13048"
"Estimated migration flows","2022Q4","Inward migration - All","All ages","All nationalities","Base migration calculation method","Number","65644"
"Estimated migration flows","2022Q4","Inward migration - All","All ages","All nationalities","Base plus education migration calculation method","Number","63869"
"Estimated migration flows","2022Q4","Inward migration - All","All ages","EU14 excl Irl (countries in the EU pre 2004 excluding UK & Ireland)","Base migration calculation method","Number","6171"
"Estimated migration flows","2022Q4","Inward migration - All","All ages","EU14 excl Irl (countries in the EU pre 2004 excluding UK & Ireland)","Base plus education migration calculation method","Number","6186"
"Estimated migration flows","2022Q4","Inward migration - All","All ages","EU15 to EU27 (accession countries joined post 2004)","Base migration calculation method","Number","6781"
"Estimated migration flows","2022Q4","Inward migration - All","All ages","EU15 to EU27 (accession countries joined post 2004)","Base plus education migration calculation method","Number","6792"
"Estimated migration flows","2022Q4","Inward migration - All","All ages","Other nationalities (3)","Base migration calculation method","Number","13281"
"Estimated migration flows","2022Q4","Inward migration - All","All ages","Other nationalities (3)","Base plus education migration calculation method","Number","13154"
"Estimated migration flows","2022Q4","Outward migration","0 - 24 years","Ireland","Base migration calculation method","Number","18010"
"Estimated migration flows","2022Q4","Outward migration","0 - 24 years","Ireland","Base plus education migration calculation method","Number","4379"
"Estimated migration flows","2022Q4","Outward migration","0 - 24 years","United Kingdom of Great Britain and Northern Ireland","Base migration calculation method","Number","549"
"Estimated migration flows","2022Q4","Outward migration","0 - 24 years","United Kingdom of Great Britain and Northern Ireland","Base plus education migration calculation method","Number","235"
"Estimated migration flows","2022Q4","Outward migration","0 - 24 years","Brazil","Base migration calculation method","Number","101"
"Estimated migration flows","2022Q4","Outward migration","0 - 24 years","Brazil","Base plus education migration calculation method","Number","85"
"Estimated migration flows","2022Q4","Outward migration","0 - 24 years","India","Base migration calculation method","Number","101"
"Estimated migration flows","2022Q4","Outward migration","0 - 24 years","India","Base plus education migration calculation method","Number","55"
"Estimated migration flows","2022Q4","Outward migration","0 - 24 years","Ukraine","Base migration calculation method","Number","170"
"Estimated migration flows","2022Q4","Outward migration","0 - 24 years","Ukraine","Base plus education migration calculation method","Number","146"
"Estimated migration flows","2022Q4","Outward migration","0 - 24 years","All nationalities","Base migration calculation method","Number","23545"
"Estimated migration flows","2022Q4","Outward migration","0 - 24 years","All nationalities","Base plus education migration calculation method","Number","7409"
"Estimated migration flows","2022Q4","Outward migration","0 - 24 years","EU14 excl Irl (countries in the EU pre 2004 excluding UK & Ireland)","Base migration calculation method","Number","965"
"Estimated migration flows","2022Q4","Outward migration","0 - 24 years","EU14 excl Irl (countries in the EU pre 2004 excluding UK & Ireland)","Base plus education migration calculation method","Number","838"
"Estimated migration flows","2022Q4","Outward migration","0 - 24 years","EU15 to EU27 (accession countries joined post 2004)","Base migration calculation method","Number","1738"
"Estimated migration flows","2022Q4","Outward migration","0 - 24 years","EU15 to EU27 (accession countries joined post 2004)","Base plus education migration calculation method","Number","1079"
"Estimated migration flows","2022Q4","Outward migration","0 - 24 years","Other nationalities (3)","Base migration calculation method","Number","1911"
"Estimated migration flows","2022Q4","Outward migration","0 - 24 years","Other nationalities (3)","Base plus education migration calculation method","Number","592"
"Estimated migration flows","2022Q4","Outward migration","25 - 34 years","Ireland","Base migration calculation method","Number","6675"
"Estimated migration flows","2022Q4","Outward migration","25 - 34 years","Ireland","Base plus education migration calculation method","Number","5695"
"Estimated migration flows","2022Q4","Outward migration","25 - 34 years","United Kingdom of Great Britain and Northern Ireland","Base migration calculation method","Number","404"
"Estimated migration flows","2022Q4","Outward migration","25 - 34 years","United Kingdom of Great Britain and Northern Ireland","Base plus education migration calculation method","Number","364"
"Estimated migration flows","2022Q4","Outward migration","25 - 34 years","Brazil","Base migration calculation method","Number","529"
"Estimated migration flows","2022Q4","Outward migration","25 - 34 years","Brazil","Base plus education migration calculation method","Number","515"
"Estimated migration flows","2022Q4","Outward migration","25 - 34 years","India","Base migration calculation method","Number","345"
"Estimated migration flows","2022Q4","Outward migration","25 - 34 years","India","Base plus education migration calculation method","Number","312"
"Estimated migration flows","2022Q4","Outward migration","25 - 34 years","Ukraine","Base migration calculation method","Number","219"
"Estimated migration flows","2022Q4","Outward migration","25 - 34 years","Ukraine","Base plus education migration calculation method","Number","218"
"Estimated migration flows","2022Q4","Outward migration","25 - 34 years","All nationalities","Base migration calculation method","Number","13133"
"Estimated migration flows","2022Q4","Outward migration","25 - 34 years","All nationalities","Base plus education migration calculation method","Number","11847"
"Estimated migration flows","2022Q4","Outward migration","25 - 34 years","EU14 excl Irl (countries in the EU pre 2004 excluding UK & Ireland)","Base migration calculation method","Number","1692"
"Estimated migration flows","2022Q4","Outward migration","25 - 34 years","EU14 excl Irl (countries in the EU pre 2004 excluding UK & Ireland)","Base plus education migration calculation method","Number","1646"
"Estimated migration flows","2022Q4","Outward migration","25 - 34 years","EU15 to EU27 (accession countries joined post 2004)","Base migration calculation method","Number","2111"
"Estimated migration flows","2022Q4","Outward migration","25 - 34 years","EU15 to EU27 (accession countries joined post 2004)","Base plus education migration calculation method","Number","2045"
"Estimated migration flows","2022Q4","Outward migration","25 - 34 years","Other nationalities (3)","Base migration calculation method","Number","1158"
"Estimated migration flows","2022Q4","Outward migration","25 - 34 years","Other nationalities (3)","Base plus education migration calculation method","Number","1052"
"Estimated migration flows","2022Q4","Outward migration","35 - 44 years","Ireland","Base migration calculation method","Number","2391"
"Estimated migration flows","2022Q4","Outward migration","35 - 44 years","Ireland","Base plus education migration calculation method","Number","2203"
"Estimated migration flows","2022Q4","Outward migration","35 - 44 years","United Kingdom of Great Britain and Northern Ireland","Base migration calculation method","Number","267"
"Estimated migration flows","2022Q4","Outward migration","35 - 44 years","United Kingdom of Great Britain and Northern Ireland","Base plus education migration calculation method","Number","262"
"Estimated migration flows","2022Q4","Outward migration","35 - 44 years","Brazil","Base migration calculation method","Number","262"
"Estimated migration flows","2022Q4","Outward migration","35 - 44 years","Brazil","Base plus education migration calculation method","Number","254"
"Estimated migration flows","2022Q4","Outward migration","35 - 44 years","India","Base migration calculation method","Number","159"
"Estimated migration flows","2022Q4","Outward migration","35 - 44 years","India","Base plus education migration calculation method","Number","153"
"Estimated migration flows","2022Q4","Outward migration","35 - 44 years","Ukraine","Base migration calculation method","Number","243"
"Estimated migration flows","2022Q4","Outward migration","35 - 44 years","Ukraine","Base plus education migration calculation method","Number","242"
"Estimated migration flows","2022Q4","Outward migration","35 - 44 years","All nationalities","Base migration calculation method","Number","6885"
"Estimated migration flows","2022Q4","Outward migration","35 - 44 years","All nationalities","Base plus education migration calculation method","Number","6597"
"Estimated migration flows","2022Q4","Outward migration","35 - 44 years","EU14 excl Irl (countries in the EU pre 2004 excluding UK & Ireland)","Base migration calculation method","Number","718"
"Estimated migration flows","2022Q4","Outward migration","35 - 44 years","EU14 excl Irl (countries in the EU pre 2004 excluding UK & Ireland)","Base plus education migration calculation method","Number","695"
"Estimated migration flows","2022Q4","Outward migration","35 - 44 years","EU15 to EU27 (accession countries joined post 2004)","Base migration calculation method","Number","2101"
"Estimated migration flows","2022Q4","Outward migration","35 - 44 years","EU15 to EU27 (accession countries joined post 2004)","Base plus education migration calculation method","Number","2067"
"Estimated migration flows","2022Q4","Outward migration","35 - 44 years","Other nationalities (3)","Base migration calculation method","Number","744"
"Estimated migration flows","2022Q4","Outward migration","35 - 44 years","Other nationalities (3)","Base plus education migration calculation method","Number","721"
"Estimated migration flows","2022Q4","Outward migration","45 years and over","Ireland","Base migration calculation method","Number","4622"
"Estimated migration flows","2022Q4","Outward migration","45 years and over","Ireland","Base plus education migration calculation method","Number","4447"
"Estimated migration flows","2022Q4","Outward migration","45 years and over","United Kingdom of Great Britain and Northern Ireland","Base migration calculation method","Number","662"
"Estimated migration flows","2022Q4","Outward migration","45 years and over","United Kingdom of Great Britain and Northern Ireland","Base plus education migration calculation method","Number","650"
"Estimated migration flows","2022Q4","Outward migration","45 years and over","Brazil","Base migration calculation method","Number","86"
"Estimated migration flows","2022Q4","Outward migration","45 years and over","Brazil","Base plus education migration calculation method","Number","84"
"Estimated migration flows","2022Q4","Outward migration","45 years and over","India","Base migration calculation method","Number","40"
"Estimated migration flows","2022Q4","Outward migration","45 years and over","India","Base plus education migration calculation method","Number","40"
"Estimated migration flows","2022Q4","Outward migration","45 years and over","Ukraine","Base migration calculation method","Number","161"
"Estimated migration flows","2022Q4","Outward migration","45 years and over","Ukraine","Base plus education migration calculation method","Number","161"
"Estimated migration flows","2022Q4","Outward migration","45 years and over","All nationalities","Base migration calculation method","Number","8480"
"Estimated migration flows","2022Q4","Outward migration","45 years and over","All nationalities","Base plus education migration calculation method","Number","8244"
"Estimated migration flows","2022Q4","Outward migration","45 years and over","EU14 excl Irl (countries in the EU pre 2004 excluding UK & Ireland)","Base migration calculation method","Number","488"
"Estimated migration flows","2022Q4","Outward migration","45 years and over","EU14 excl Irl (countries in the EU pre 2004 excluding UK & Ireland)","Base plus education migration calculation method","Number","474"
"Estimated migration flows","2022Q4","Outward migration","45 years and over","EU15 to EU27 (accession countries joined post 2004)","Base migration calculation method","Number","1500"
"Estimated migration flows","2022Q4","Outward migration","45 years and over","EU15 to EU27 (accession countries joined post 2004)","Base plus education migration calculation method","Number","1492"
"Estimated migration flows","2022Q4","Outward migration","45 years and over","Other nationalities (3)","Base migration calculation method","Number","921"
"Estimated migration flows","2022Q4","Outward migration","45 years and over","Other nationalities (3)","Base plus education migration calculation method","Number","896"
"Estimated migration flows","2022Q4","Outward migration","All ages","Ireland","Base migration calculation method","Number","31698"
"Estimated migration flows","2022Q4","Outward migration","All ages","Ireland","Base plus education migration calculation method","Number","16724"
"Estimated migration flows","2022Q4","Outward migration","All ages","United Kingdom of Great Britain and Northern Ireland","Base migration calculation method","Number","1882"
"Estimated migration flows","2022Q4","Outward migration","All ages","United Kingdom of Great Britain and Northern Ireland","Base plus education migration calculation method","Number","1511"
"Estimated migration flows","2022Q4","Outward migration","All ages","Brazil","Base migration calculation method","Number","978"
"Estimated migration flows","2022Q4","Outward migration","All ages","Brazil","Base plus education migration calculation method","Number","938"
"Estimated migration flows","2022Q4","Outward migration","All ages","India","Base migration calculation method","Number","645"
"Estimated migration flows","2022Q4","Outward migration","All ages","India","Base plus education migration calculation method","Number","560"
"Estimated migration flows","2022Q4","Outward migration","All ages","Ukraine","Base migration calculation method","Number","793"
"Estimated migration flows","2022Q4","Outward migration","All ages","Ukraine","Base plus education migration calculation method","Number","767"
"Estimated migration flows","2022Q4","Outward migration","All ages","All nationalities","Base migration calculation method","Number","52043"
"Estimated migration flows","2022Q4","Outward migration","All ages","All nationalities","Base plus education migration calculation method","Number","34097"
"Estimated migration flows","2022Q4","Outward migration","All ages","EU14 excl Irl (countries in the EU pre 2004 excluding UK & Ireland)","Base migration calculation method","Number","3863"
"Estimated migration flows","2022Q4","Outward migration","All ages","EU14 excl Irl (countries in the EU pre 2004 excluding UK & Ireland)","Base plus education migration calculation method","Number","3653"
"Estimated migration flows","2022Q4","Outward migration","All ages","EU15 to EU27 (accession countries joined post 2004)","Base migration calculation method","Number","7450"
"Estimated migration flows","2022Q4","Outward migration","All ages","EU15 to EU27 (accession countries joined post 2004)","Base plus education migration calculation method","Number","6683"
"Estimated migration flows","2022Q4","Outward migration","All ages","Other nationalities (3)","Base migration calculation method","Number","4734"
"Estimated migration flows","2022Q4","Outward migration","All ages","Other nationalities (3)","Base plus education migration calculation method","Number","3261"
"Estimated migration flows","2022Q4","Net migration","0 - 24 years","Ireland","Base migration calculation method","Number","-13833"
"Estimated migration flows","2022Q4","Net migration","0 - 24 years","Ireland","Base plus education migration calculation method","Number","-1380"
"Estimated migration flows","2022Q4","Net migration","0 - 24 years","United Kingdom of Great Britain and Northern Ireland","Base migration calculation method","Number","-175"
"Estimated migration flows","2022Q4","Net migration","0 - 24 years","United Kingdom of Great Britain and Northern Ireland","Base plus education migration calculation method","Number","133"
"Estimated migration flows","2022Q4","Net migration","0 - 24 years","Brazil","Base migration calculation method","Number","430"
"Estimated migration flows","2022Q4","Net migration","0 - 24 years","Brazil","Base plus education migration calculation method","Number","468"
"Estimated migration flows","2022Q4","Net migration","0 - 24 years","India","Base migration calculation method","Number","2028"
"Estimated migration flows","2022Q4","Net migration","0 - 24 years","India","Base plus education migration calculation method","Number","2090"
"Estimated migration flows","2022Q4","Net migration","0 - 24 years","Ukraine","Base migration calculation method","Number","4156"
"Estimated migration flows","2022Q4","Net migration","0 - 24 years","Ukraine","Base plus education migration calculation method","Number","4178"
"Estimated migration flows","2022Q4","Net migration","0 - 24 years","All nationalities","Base migration calculation method","Number","-3608"
"Estimated migration flows","2022Q4","Net migration","0 - 24 years","All nationalities","Base plus education migration calculation method","Number","11394"
"Estimated migration flows","2022Q4","Net migration","0 - 24 years","EU14 excl Irl (countries in the EU pre 2004 excluding UK & Ireland)","Base migration calculation method","Number","1528"
"Estimated migration flows","2022Q4","Net migration","0 - 24 years","EU14 excl Irl (countries in the EU pre 2004 excluding UK & Ireland)","Base plus education migration calculation method","Number","1699"
"Estimated migration flows","2022Q4","Net migration","0 - 24 years","EU15 to EU27 (accession countries joined post 2004)","Base migration calculation method","Number","538"
"Estimated migration flows","2022Q4","Net migration","0 - 24 years","EU15 to EU27 (accession countries joined post 2004)","Base plus education migration calculation method","Number","1240"
"Estimated migration flows","2022Q4","Net migration","0 - 24 years","Other nationalities (3)","Base migration calculation method","Number","1720"
"Estimated migration flows","2022Q4","Net migration","0 - 24 years","Other nationalities (3)","Base plus education migration calculation method","Number","2966"
"Estimated migration flows","2022Q4","Net migration","25 - 34 years","Ireland","Base migration calculation method","Number","-3393"
"Estimated migration flows","2022Q4","Net migration","25 - 34 years","Ireland","Base plus education migration calculation method","Number","-2706"
"Estimated migration flows","2022Q4","Net migration","25 - 34 years","United Kingdom of Great Britain and Northern Ireland","Base migration calculation method","Number","-62"
"Estimated migration flows","2022Q4","Net migration","25 - 34 years","United Kingdom of Great Britain and Northern Ireland","Base plus education migration calculation method","Number","-27"
"Estimated migration flows","2022Q4","Net migration","25 - 34 years","Brazil","Base migration calculation method","Number","860"
"Estimated migration flows","2022Q4","Net migration","25 - 34 years","Brazil","Base plus education migration calculation method","Number","863"
"Estimated migration flows","2022Q4","Net migration","25 - 34 years","India","Base migration calculation method","Number","3031"
"Estimated migration flows","2022Q4","Net migration","25 - 34 years","India","Base plus education migration calculation method","Number","3050"
"Estimated migration flows","2022Q4","Net migration","25 - 34 years","Ukraine","Base migration calculation method","Number","2000"
"Estimated migration flows","2022Q4","Net migration","25 - 34 years","Ukraine","Base plus education migration calculation method","Number","2000"
"Estimated migration flows","2022Q4","Net migration","25 - 34 years","All nationalities","Base migration calculation method","Number","6751"
"Estimated migration flows","2022Q4","Net migration","25 - 34 years","All nationalities","Base plus education migration calculation method","Number","7663"
"Estimated migration flows","2022Q4","Net migration","25 - 34 years","EU14 excl Irl (countries in the EU pre 2004 excluding UK & Ireland)","Base migration calculation method","Number","559"
"Estimated migration flows","2022Q4","Net migration","25 - 34 years","EU14 excl Irl (countries in the EU pre 2004 excluding UK & Ireland)","Base plus education migration calculation method","Number","581"
"Estimated migration flows","2022Q4","Net migration","25 - 34 years","EU15 to EU27 (accession countries joined post 2004)","Base migration calculation method","Number","-270"
"Estimated migration flows","2022Q4","Net migration","25 - 34 years","EU15 to EU27 (accession countries joined post 2004)","Base plus education migration calculation method","Number","-218"
"Estimated migration flows","2022Q4","Net migration","25 - 34 years","Other nationalities (3)","Base migration calculation method","Number","4026"
"Estimated migration flows","2022Q4","Net migration","25 - 34 years","Other nationalities (3)","Base plus education migration calculation method","Number","4120"
"Estimated migration flows","2022Q4","Net migration","35 - 44 years","Ireland","Base migration calculation method","Number","-138"
"Estimated migration flows","2022Q4","Net migration","35 - 44 years","Ireland","Base plus education migration calculation method","Number","-28"
"Estimated migration flows","2022Q4","Net migration","35 - 44 years","United Kingdom of Great Britain and Northern Ireland","Base migration calculation method","Number","17"
"Estimated migration flows","2022Q4","Net migration","35 - 44 years","United Kingdom of Great Britain and Northern Ireland","Base plus education migration calculation method","Number","18"
"Estimated migration flows","2022Q4","Net migration","35 - 44 years","Brazil","Base migration calculation method","Number","306"
"Estimated migration flows","2022Q4","Net migration","35 - 44 years","Brazil","Base plus education migration calculation method","Number","311"
"Estimated migration flows","2022Q4","Net migration","35 - 44 years","India","Base migration calculation method","Number","1050"
"Estimated migration flows","2022Q4","Net migration","35 - 44 years","India","Base plus education migration calculation method","Number","1046"
"Estimated migration flows","2022Q4","Net migration","35 - 44 years","Ukraine","Base migration calculation method","Number","2334"
"Estimated migration flows","2022Q4","Net migration","35 - 44 years","Ukraine","Base plus education migration calculation method","Number","2334"
"Estimated migration flows","2022Q4","Net migration","35 - 44 years","All nationalities","Base migration calculation method","Number","4948"
"Estimated migration flows","2022Q4","Net migration","35 - 44 years","All nationalities","Base plus education migration calculation method","Number","5098"
"Estimated migration flows","2022Q4","Net migration","35 - 44 years","EU14 excl Irl (countries in the EU pre 2004 excluding UK & Ireland)","Base migration calculation method","Number","59"
"Estimated migration flows","2022Q4","Net migration","35 - 44 years","EU14 excl Irl (countries in the EU pre 2004 excluding UK & Ireland)","Base plus education migration calculation method","Number","78"
"Estimated migration flows","2022Q4","Net migration","35 - 44 years","EU15 to EU27 (accession countries joined post 2004)","Base migration calculation method","Number","-650"
"Estimated migration flows","2022Q4","Net migration","35 - 44 years","EU15 to EU27 (accession countries joined post 2004)","Base plus education migration calculation method","Number","-625"
"Estimated migration flows","2022Q4","Net migration","35 - 44 years","Other nationalities (3)","Base migration calculation method","Number","1970"
"Estimated migration flows","2022Q4","Net migration","35 - 44 years","Other nationalities (3)","Base plus education migration calculation method","Number","1964"
"Estimated migration flows","2022Q4","Net migration","45 years and over","Ireland","Base migration calculation method","Number","753"
"Estimated migration flows","2022Q4","Net migration","45 years and over","Ireland","Base plus education migration calculation method","Number","835"
"Estimated migration flows","2022Q4","Net migration","45 years and over","United Kingdom of Great Britain and Northern Ireland","Base migration calculation method","Number","116"
"Estimated migration flows","2022Q4","Net migration","45 years and over","United Kingdom of Great Britain and Northern Ireland","Base plus education migration calculation method","Number","118"
"Estimated migration flows","2022Q4","Net migration","45 years and over","Brazil","Base migration calculation method","Number","61"
"Estimated migration flows","2022Q4","Net migration","45 years and over","Brazil","Base plus education migration calculation method","Number","62"
"Estimated migration flows","2022Q4","Net migration","45 years and over","India","Base migration calculation method","Number","106"
"Estimated migration flows","2022Q4","Net migration","45 years and over","India","Base plus education migration calculation method","Number","103"
"Estimated migration flows","2022Q4","Net migration","45 years and over","Ukraine","Base migration calculation method","Number","3768"
"Estimated migration flows","2022Q4","Net migration","45 years and over","Ukraine","Base plus education migration calculation method","Number","3769"
"Estimated migration flows","2022Q4","Net migration","45 years and over","All nationalities","Base migration calculation method","Number","5510"
"Estimated migration flows","2022Q4","Net migration","45 years and over","All nationalities","Base plus education migration calculation method","Number","5617"
"Estimated migration flows","2022Q4","Net migration","45 years and over","EU14 excl Irl (countries in the EU pre 2004 excluding UK & Ireland)","Base migration calculation method","Number","162"
"Estimated migration flows","2022Q4","Net migration","45 years and over","EU14 excl Irl (countries in the EU pre 2004 excluding UK & Ireland)","Base plus education migration calculation method","Number","175"
"Estimated migration flows","2022Q4","Net migration","45 years and over","EU15 to EU27 (accession countries joined post 2004)","Base migration calculation method","Number","-287"
"Estimated migration flows","2022Q4","Net migration","45 years and over","EU15 to EU27 (accession countries joined post 2004)","Base plus education migration calculation method","Number","-288"
"Estimated migration flows","2022Q4","Net migration","45 years and over","Other nationalities (3)","Base migration calculation method","Number","831"
"Estimated migration flows","2022Q4","Net migration","45 years and over","Other nationalities (3)","Base plus education migration calculation method","Number","843"
"Estimated migration flows","2022Q4","Net migration","All ages","Ireland","Base migration calculation method","Number","-16611"
"Estimated migration flows","2022Q4","Net migration","All ages","Ireland","Base plus education migration calculation method","Number","-3279"
"Estimated migration flows","2022Q4","Net migration","All ages","United Kingdom of Great Britain and Northern Ireland","Base migration calculation method","Number","-104"
"Estimated migration flows","2022Q4","Net migration","All ages","United Kingdom of Great Britain and Northern Ireland","Base plus education migration calculation method","Number","242"
"Estimated migration flows","2022Q4","Net migration","All ages","Brazil","Base migration calculation method","Number","1657"
"Estimated migration flows","2022Q4","Net migration","All ages","Brazil","Base plus education migration calculation method","Number","1704"
"Estimated migration flows","2022Q4","Net migration","All ages","India","Base migration calculation method","Number","6215"
"Estimated migration flows","2022Q4","Net migration","All ages","India","Base plus education migration calculation method","Number","6289"
"Estimated migration flows","2022Q4","Net migration","All ages","Ukraine","Base migration calculation method","Number","12258"
"Estimated migration flows","2022Q4","Net migration","All ages","Ukraine","Base plus education migration calculation method","Number","12281"
"Estimated migration flows","2022Q4","Net migration","All ages","All nationalities","Base migration calculation method","Number","13601"
"Estimated migration flows","2022Q4","Net migration","All ages","All nationalities","Base plus education migration calculation method","Number","29772"
"Estimated migration flows","2022Q4","Net migration","All ages","EU14 excl Irl (countries in the EU pre 2004 excluding UK & Ireland)","Base migration calculation method","Number","2308"
"Estimated migration flows","2022Q4","Net migration","All ages","EU14 excl Irl (countries in the EU pre 2004 excluding UK & Ireland)","Base plus education migration calculation method","Number","2533"
"Estimated migration flows","2022Q4","Net migration","All ages","EU15 to EU27 (accession countries joined post 2004)","Base migration calculation method","Number","-669"
"Estimated migration flows","2022Q4","Net migration","All ages","EU15 to EU27 (accession countries joined post 2004)","Base plus education migration calculation method","Number","109"
"Estimated migration flows","2022Q4","Net migration","All ages","Other nationalities (3)","Base migration calculation method","Number","8547"
"Estimated migration flows","2022Q4","Net migration","All ages","Other nationalities (3)","Base plus education migration calculation method","Number","9893"
"Estimated migration flows","2023Q1","Inward migration - All","0 - 24 years","Ireland","Base migration calculation method","Number","3896"
"Estimated migration flows","2023Q1","Inward migration - All","0 - 24 years","Ireland","Base plus education migration calculation method","Number","2172"
"Estimated migration flows","2023Q1","Inward migration - All","0 - 24 years","United Kingdom of Great Britain and Northern Ireland","Base migration calculation method","Number","393"
"Estimated migration flows","2023Q1","Inward migration - All","0 - 24 years","United Kingdom of Great Britain and Northern Ireland","Base plus education migration calculation method","Number","344"
"Estimated migration flows","2023Q1","Inward migration - All","0 - 24 years","Brazil","Base migration calculation method","Number","658"
"Estimated migration flows","2023Q1","Inward migration - All","0 - 24 years","Brazil","Base plus education migration calculation method","Number","667"
"Estimated migration flows","2023Q1","Inward migration - All","0 - 24 years","India","Base migration calculation method","Number","1644"
"Estimated migration flows","2023Q1","Inward migration - All","0 - 24 years","India","Base plus education migration calculation method","Number","1630"
"Estimated migration flows","2023Q1","Inward migration - All","0 - 24 years","Ukraine","Base migration calculation method","Number","3103"
"Estimated migration flows","2023Q1","Inward migration - All","0 - 24 years","Ukraine","Base plus education migration calculation method","Number","3099"
"Estimated migration flows","2023Q1","Inward migration - All","0 - 24 years","All nationalities","Base migration calculation method","Number","17792"
"Estimated migration flows","2023Q1","Inward migration - All","0 - 24 years","All nationalities","Base plus education migration calculation method","Number","15648"
"Estimated migration flows","2023Q1","Inward migration - All","0 - 24 years","EU14 excl Irl (countries in the EU pre 2004 excluding UK & Ireland)","Base migration calculation method","Number","2318"
"Estimated migration flows","2023Q1","Inward migration - All","0 - 24 years","EU14 excl Irl (countries in the EU pre 2004 excluding UK & Ireland)","Base plus education migration calculation method","Number","2309"
"Estimated migration flows","2023Q1","Inward migration - All","0 - 24 years","EU15 to EU27 (accession countries joined post 2004)","Base migration calculation method","Number","1999"
"Estimated migration flows","2023Q1","Inward migration - All","0 - 24 years","EU15 to EU27 (accession countries joined post 2004)","Base plus education migration calculation method","Number","1899"
"Estimated migration flows","2023Q1","Inward migration - All","0 - 24 years","Other nationalities (3)","Base migration calculation method","Number","3781"
"Estimated migration flows","2023Q1","Inward migration - All","0 - 24 years","Other nationalities (3)","Base plus education migration calculation method","Number","3528"
"Estimated migration flows","2023Q1","Inward migration - All","25 - 34 years","Ireland","Base migration calculation method","Number","3329"
"Estimated migration flows","2023Q1","Inward migration - All","25 - 34 years","Ireland","Base plus education migration calculation method","Number","3067"
"Estimated migration flows","2023Q1","Inward migration - All","25 - 34 years","United Kingdom of Great Britain and Northern Ireland","Base migration calculation method","Number","390"
"Estimated migration flows","2023Q1","Inward migration - All","25 - 34 years","United Kingdom of Great Britain and Northern Ireland","Base plus education migration calculation method","Number","380"
"Estimated migration flows","2023Q1","Inward migration - All","25 - 34 years","Brazil","Base migration calculation method","Number","1360"
"Estimated migration flows","2023Q1","Inward migration - All","25 - 34 years","Brazil","Base plus education migration calculation method","Number","1351"
"Estimated migration flows","2023Q1","Inward migration - All","25 - 34 years","India","Base migration calculation method","Number","2721"
"Estimated migration flows","2023Q1","Inward migration - All","25 - 34 years","India","Base plus education migration calculation method","Number","2701"
"Estimated migration flows","2023Q1","Inward migration - All","25 - 34 years","Ukraine","Base migration calculation method","Number","1622"
"Estimated migration flows","2023Q1","Inward migration - All","25 - 34 years","Ukraine","Base plus education migration calculation method","Number","1622"
"Estimated migration flows","2023Q1","Inward migration - All","25 - 34 years","All nationalities","Base migration calculation method","Number","18949"
"Estimated migration flows","2023Q1","Inward migration - All","25 - 34 years","All nationalities","Base plus education migration calculation method","Number","18575"
"Estimated migration flows","2023Q1","Inward migration - All","25 - 34 years","EU14 excl Irl (countries in the EU pre 2004 excluding UK & Ireland)","Base migration calculation method","Number","2180"
"Estimated migration flows","2023Q1","Inward migration - All","25 - 34 years","EU14 excl Irl (countries in the EU pre 2004 excluding UK & Ireland)","Base plus education migration calculation method","Number","2159"
"Estimated migration flows","2023Q1","Inward migration - All","25 - 34 years","EU15 to EU27 (accession countries joined post 2004)","Base migration calculation method","Number","1947"
"Estimated migration flows","2023Q1","Inward migration - All","25 - 34 years","EU15 to EU27 (accession countries joined post 2004)","Base plus education migration calculation method","Number","1933"
"Estimated migration flows","2023Q1","Inward migration - All","25 - 34 years","Other nationalities (3)","Base migration calculation method","Number","5400"
"Estimated migration flows","2023Q1","Inward migration - All","25 - 34 years","Other nationalities (3)","Base plus education migration calculation method","Number","5362"
"Estimated migration flows","2023Q1","Inward migration - All","35 - 44 years","Ireland","Base migration calculation method","Number","2385"
"Estimated migration flows","2023Q1","Inward migration - All","35 - 44 years","Ireland","Base plus education migration calculation method","Number","2313"
"Estimated migration flows","2023Q1","Inward migration - All","35 - 44 years","United Kingdom of Great Britain and Northern Ireland","Base migration calculation method","Number","290"
"Estimated migration flows","2023Q1","Inward migration - All","35 - 44 years","United Kingdom of Great Britain and Northern Ireland","Base plus education migration calculation method","Number","287"
"Estimated migration flows","2023Q1","Inward migration - All","35 - 44 years","Brazil","Base migration calculation method","Number","549"
"Estimated migration flows","2023Q1","Inward migration - All","35 - 44 years","Brazil","Base plus education migration calculation method","Number","543"
"Estimated migration flows","2023Q1","Inward migration - All","35 - 44 years","India","Base migration calculation method","Number","1213"
"Estimated migration flows","2023Q1","Inward migration - All","35 - 44 years","India","Base plus education migration calculation method","Number","1202"
"Estimated migration flows","2023Q1","Inward migration - All","35 - 44 years","Ukraine","Base migration calculation method","Number","1694"
"Estimated migration flows","2023Q1","Inward migration - All","35 - 44 years","Ukraine","Base plus education migration calculation method","Number","1694"
"Estimated migration flows","2023Q1","Inward migration - All","35 - 44 years","All nationalities","Base migration calculation method","Number","11485"
"Estimated migration flows","2023Q1","Inward migration - All","35 - 44 years","All nationalities","Base plus education migration calculation method","Number","11349"
"Estimated migration flows","2023Q1","Inward migration - All","35 - 44 years","EU14 excl Irl (countries in the EU pre 2004 excluding UK & Ireland)","Base migration calculation method","Number","793"
"Estimated migration flows","2023Q1","Inward migration - All","35 - 44 years","EU14 excl Irl (countries in the EU pre 2004 excluding UK & Ireland)","Base plus education migration calculation method","Number","782"
"Estimated migration flows","2023Q1","Inward migration - All","35 - 44 years","EU15 to EU27 (accession countries joined post 2004)","Base migration calculation method","Number","1473"
"Estimated migration flows","2023Q1","Inward migration - All","35 - 44 years","EU15 to EU27 (accession countries joined post 2004)","Base plus education migration calculation method","Number","1467"
"Estimated migration flows","2023Q1","Inward migration - All","35 - 44 years","Other nationalities (3)","Base migration calculation method","Number","3088"
"Estimated migration flows","2023Q1","Inward migration - All","35 - 44 years","Other nationalities (3)","Base plus education migration calculation method","Number","3061"
"Estimated migration flows","2023Q1","Inward migration - All","45 years and over","Ireland","Base migration calculation method","Number","5763"
"Estimated migration flows","2023Q1","Inward migration - All","45 years and over","Ireland","Base plus education migration calculation method","Number","5660"
"Estimated migration flows","2023Q1","Inward migration - All","45 years and over","United Kingdom of Great Britain and Northern Ireland","Base migration calculation method","Number","809"
"Estimated migration flows","2023Q1","Inward migration - All","45 years and over","United Kingdom of Great Britain and Northern Ireland","Base plus education migration calculation method","Number","799"
"Estimated migration flows","2023Q1","Inward migration - All","45 years and over","Brazil","Base migration calculation method","Number","155"
"Estimated migration flows","2023Q1","Inward migration - All","45 years and over","Brazil","Base plus education migration calculation method","Number","154"
"Estimated migration flows","2023Q1","Inward migration - All","45 years and over","India","Base migration calculation method","Number","159"
"Estimated migration flows","2023Q1","Inward migration - All","45 years and over","India","Base plus education migration calculation method","Number","159"
"Estimated migration flows","2023Q1","Inward migration - All","45 years and over","Ukraine","Base migration calculation method","Number","2761"
"Estimated migration flows","2023Q1","Inward migration - All","45 years and over","Ukraine","Base plus education migration calculation method","Number","2761"
"Estimated migration flows","2023Q1","Inward migration - All","45 years and over","All nationalities","Base migration calculation method","Number","13736"
"Estimated migration flows","2023Q1","Inward migration - All","45 years and over","All nationalities","Base plus education migration calculation method","Number","13595"
"Estimated migration flows","2023Q1","Inward migration - All","45 years and over","EU14 excl Irl (countries in the EU pre 2004 excluding UK & Ireland)","Base migration calculation method","Number","659"
"Estimated migration flows","2023Q1","Inward migration - All","45 years and over","EU14 excl Irl (countries in the EU pre 2004 excluding UK & Ireland)","Base plus education migration calculation method","Number","654"
"Estimated migration flows","2023Q1","Inward migration - All","45 years and over","EU15 to EU27 (accession countries joined post 2004)","Base migration calculation method","Number","1362"
"Estimated migration flows","2023Q1","Inward migration - All","45 years and over","EU15 to EU27 (accession countries joined post 2004)","Base plus education migration calculation method","Number","1359"
"Estimated migration flows","2023Q1","Inward migration - All","45 years and over","Other nationalities (3)","Base migration calculation method","Number","2068"
"Estimated migration flows","2023Q1","Inward migration - All","45 years and over","Other nationalities (3)","Base plus education migration calculation method","Number","2049"
"Estimated migration flows","2023Q1","Inward migration - All","All ages","Ireland","Base migration calculation method","Number","15373"
"Estimated migration flows","2023Q1","Inward migration - All","All ages","Ireland","Base plus education migration calculation method","Number","13212"
"Estimated migration flows","2023Q1","Inward migration - All","All ages","United Kingdom of Great Britain and Northern Ireland","Base migration calculation method","Number","1882"
"Estimated migration flows","2023Q1","Inward migration - All","All ages","United Kingdom of Great Britain and Northern Ireland","Base plus education migration calculation method","Number","1810"
"Estimated migration flows","2023Q1","Inward migration - All","All ages","Brazil","Base migration calculation method","Number","2722"
"Estimated migration flows","2023Q1","Inward migration - All","All ages","Brazil","Base plus education migration calculation method","Number","2715"
"Estimated migration flows","2023Q1","Inward migration - All","All ages","India","Base migration calculation method","Number","5737"
"Estimated migration flows","2023Q1","Inward migration - All","All ages","India","Base plus education migration calculation method","Number","5692"
"Estimated migration flows","2023Q1","Inward migration - All","All ages","Ukraine","Base migration calculation method","Number","9180"
"Estimated migration flows","2023Q1","Inward migration - All","All ages","Ukraine","Base plus education migration calculation method","Number","9176"
"Estimated migration flows","2023Q1","Inward migration - All","All ages","All nationalities","Base migration calculation method","Number","61962"
"Estimated migration flows","2023Q1","Inward migration - All","All ages","All nationalities","Base plus education migration calculation method","Number","59167"
"Estimated migration flows","2023Q1","Inward migration - All","All ages","EU14 excl Irl (countries in the EU pre 2004 excluding UK & Ireland)","Base migration calculation method","Number","5950"
"Estimated migration flows","2023Q1","Inward migration - All","All ages","EU14 excl Irl (countries in the EU pre 2004 excluding UK & Ireland)","Base plus education migration calculation method","Number","5904"
"Estimated migration flows","2023Q1","Inward migration - All","All ages","EU15 to EU27 (accession countries joined post 2004)","Base migration calculation method","Number","6781"
"Estimated migration flows","2023Q1","Inward migration - All","All ages","EU15 to EU27 (accession countries joined post 2004)","Base plus education migration calculation method","Number","6658"
"Estimated migration flows","2023Q1","Inward migration - All","All ages","Other nationalities (3)","Base migration calculation method","Number","14337"
"Estimated migration flows","2023Q1","Inward migration - All","All ages","Other nationalities (3)","Base plus education migration calculation method","Number","14000"
"Estimated migration flows","2023Q1","Outward migration","0 - 24 years","Ireland","Base migration calculation method","Number","9939"
"Estimated migration flows","2023Q1","Outward migration","0 - 24 years","Ireland","Base plus education migration calculation method","Number","3556"
"Estimated migration flows","2023Q1","Outward migration","0 - 24 years","United Kingdom of Great Britain and Northern Ireland","Base migration calculation method","Number","282"
"Estimated migration flows","2023Q1","Outward migration","0 - 24 years","United Kingdom of Great Britain and Northern Ireland","Base plus education migration calculation method","Number","163"
"Estimated migration flows","2023Q1","Outward migration","0 - 24 years","Brazil","Base migration calculation method","Number","211"
"Estimated migration flows","2023Q1","Outward migration","0 - 24 years","Brazil","Base plus education migration calculation method","Number","203"
"Estimated migration flows","2023Q1","Outward migration","0 - 24 years","India","Base migration calculation method","Number","66"
"Estimated migration flows","2023Q1","Outward migration","0 - 24 years","India","Base plus education migration calculation method","Number","33"
"Estimated migration flows","2023Q1","Outward migration","0 - 24 years","Ukraine","Base migration calculation method","Number","244"
"Estimated migration flows","2023Q1","Outward migration","0 - 24 years","Ukraine","Base plus education migration calculation method","Number","206"
"Estimated migration flows","2023Q1","Outward migration","0 - 24 years","All nationalities","Base migration calculation method","Number","13766"
"Estimated migration flows","2023Q1","Outward migration","0 - 24 years","All nationalities","Base plus education migration calculation method","Number","6241"
"Estimated migration flows","2023Q1","Outward migration","0 - 24 years","EU14 excl Irl (countries in the EU pre 2004 excluding UK & Ireland)","Base migration calculation method","Number","677"
"Estimated migration flows","2023Q1","Outward migration","0 - 24 years","EU14 excl Irl (countries in the EU pre 2004 excluding UK & Ireland)","Base plus education migration calculation method","Number","602"
"Estimated migration flows","2023Q1","Outward migration","0 - 24 years","EU15 to EU27 (accession countries joined post 2004)","Base migration calculation method","Number","1237"
"Estimated migration flows","2023Q1","Outward migration","0 - 24 years","EU15 to EU27 (accession countries joined post 2004)","Base plus education migration calculation method","Number","957"
"Estimated migration flows","2023Q1","Outward migration","0 - 24 years","Other nationalities (3)","Base migration calculation method","Number","1110"
"Estimated migration flows","2023Q1","Outward migration","0 - 24 years","Other nationalities (3)","Base plus education migration calculation method","Number","521"
"Estimated migration flows","2023Q1","Outward migration","25 - 34 years","Ireland","Base migration calculation method","Number","7570"
"Estimated migration flows","2023Q1","Outward migration","25 - 34 years","Ireland","Base plus education migration calculation method","Number","6965"
"Estimated migration flows","2023Q1","Outward migration","25 - 34 years","United Kingdom of Great Britain and Northern Ireland","Base migration calculation method","Number","374"
"Estimated migration flows","2023Q1","Outward migration","25 - 34 years","United Kingdom of Great Britain and Northern Ireland","Base plus education migration calculation method","Number","360"
"Estimated migration flows","2023Q1","Outward migration","25 - 34 years","Brazil","Base migration calculation method","Number","740"
"Estimated migration flows","2023Q1","Outward migration","25 - 34 years","Brazil","Base plus education migration calculation method","Number","716"
"Estimated migration flows","2023Q1","Outward migration","25 - 34 years","India","Base migration calculation method","Number","397"
"Estimated migration flows","2023Q1","Outward migration","25 - 34 years","India","Base plus education migration calculation method","Number","377"
"Estimated migration flows","2023Q1","Outward migration","25 - 34 years","Ukraine","Base migration calculation method","Number","296"
"Estimated migration flows","2023Q1","Outward migration","25 - 34 years","Ukraine","Base plus education migration calculation method","Number","291"
"Estimated migration flows","2023Q1","Outward migration","25 - 34 years","All nationalities","Base migration calculation method","Number","14362"
"Estimated migration flows","2023Q1","Outward migration","25 - 34 years","All nationalities","Base plus education migration calculation method","Number","13533"
"Estimated migration flows","2023Q1","Outward migration","25 - 34 years","EU14 excl Irl (countries in the EU pre 2004 excluding UK & Ireland)","Base migration calculation method","Number","1668"
"Estimated migration flows","2023Q1","Outward migration","25 - 34 years","EU14 excl Irl (countries in the EU pre 2004 excluding UK & Ireland)","Base plus education migration calculation method","Number","1614"
"Estimated migration flows","2023Q1","Outward migration","25 - 34 years","EU15 to EU27 (accession countries joined post 2004)","Base migration calculation method","Number","1796"
"Estimated migration flows","2023Q1","Outward migration","25 - 34 years","EU15 to EU27 (accession countries joined post 2004)","Base plus education migration calculation method","Number","1760"
"Estimated migration flows","2023Q1","Outward migration","25 - 34 years","Other nationalities (3)","Base migration calculation method","Number","1521"
"Estimated migration flows","2023Q1","Outward migration","25 - 34 years","Other nationalities (3)","Base plus education migration calculation method","Number","1450"
"Estimated migration flows","2023Q1","Outward migration","35 - 44 years","Ireland","Base migration calculation method","Number","2553"
"Estimated migration flows","2023Q1","Outward migration","35 - 44 years","Ireland","Base plus education migration calculation method","Number","2412"
"Estimated migration flows","2023Q1","Outward migration","35 - 44 years","United Kingdom of Great Britain and Northern Ireland","Base migration calculation method","Number","243"
"Estimated migration flows","2023Q1","Outward migration","35 - 44 years","United Kingdom of Great Britain and Northern Ireland","Base plus education migration calculation method","Number","235"
"Estimated migration flows","2023Q1","Outward migration","35 - 44 years","Brazil","Base migration calculation method","Number","334"
"Estimated migration flows","2023Q1","Outward migration","35 - 44 years","Brazil","Base plus education migration calculation method","Number","325"
"Estimated migration flows","2023Q1","Outward migration","35 - 44 years","India","Base migration calculation method","Number","200"
"Estimated migration flows","2023Q1","Outward migration","35 - 44 years","India","Base plus education migration calculation method","Number","189"
"Estimated migration flows","2023Q1","Outward migration","35 - 44 years","Ukraine","Base migration calculation method","Number","294"
"Estimated migration flows","2023Q1","Outward migration","35 - 44 years","Ukraine","Base plus education migration calculation method","Number","289"
"Estimated migration flows","2023Q1","Outward migration","35 - 44 years","All nationalities","Base migration calculation method","Number","7265"
"Estimated migration flows","2023Q1","Outward migration","35 - 44 years","All nationalities","Base plus education migration calculation method","Number","6998"
"Estimated migration flows","2023Q1","Outward migration","35 - 44 years","EU14 excl Irl (countries in the EU pre 2004 excluding UK & Ireland)","Base migration calculation method","Number","773"
"Estimated migration flows","2023Q1","Outward migration","35 - 44 years","EU14 excl Irl (countries in the EU pre 2004 excluding UK & Ireland)","Base plus education migration calculation method","Number","754"
"Estimated migration flows","2023Q1","Outward migration","35 - 44 years","EU15 to EU27 (accession countries joined post 2004)","Base migration calculation method","Number","1914"
"Estimated migration flows","2023Q1","Outward migration","35 - 44 years","EU15 to EU27 (accession countries joined post 2004)","Base plus education migration calculation method","Number","1881"
"Estimated migration flows","2023Q1","Outward migration","35 - 44 years","Other nationalities (3)","Base migration calculation method","Number","954"
"Estimated migration flows","2023Q1","Outward migration","35 - 44 years","Other nationalities (3)","Base plus education migration calculation method","Number","913"
"Estimated migration flows","2023Q1","Outward migration","45 years and over","Ireland","Base migration calculation method","Number","5570"
"Estimated migration flows","2023Q1","Outward migration","45 years and over","Ireland","Base plus education migration calculation method","Number","5401"
"Estimated migration flows","2023Q1","Outward migration","45 years and over","United Kingdom of Great Britain and Northern Ireland","Base migration calculation method","Number","697"
"Estimated migration flows","2023Q1","Outward migration","45 years and over","United Kingdom of Great Britain and Northern Ireland","Base plus education migration calculation method","Number","681"
"Estimated migration flows","2023Q1","Outward migration","45 years and over","Brazil","Base migration calculation method","Number","92"
"Estimated migration flows","2023Q1","Outward migration","45 years and over","Brazil","Base plus education migration calculation method","Number","90"
"Estimated migration flows","2023Q1","Outward migration","45 years and over","India","Base migration calculation method","Number","43"
"Estimated migration flows","2023Q1","Outward migration","45 years and over","India","Base plus education migration calculation method","Number","43"
"Estimated migration flows","2023Q1","Outward migration","45 years and over","Ukraine","Base migration calculation method","Number","286"
"Estimated migration flows","2023Q1","Outward migration","45 years and over","Ukraine","Base plus education migration calculation method","Number","284"
"Estimated migration flows","2023Q1","Outward migration","45 years and over","All nationalities","Base migration calculation method","Number","9638"
"Estimated migration flows","2023Q1","Outward migration","45 years and over","All nationalities","Base plus education migration calculation method","Number","9390"
"Estimated migration flows","2023Q1","Outward migration","45 years and over","EU14 excl Irl (countries in the EU pre 2004 excluding UK & Ireland)","Base migration calculation method","Number","510"
"Estimated migration flows","2023Q1","Outward migration","45 years and over","EU14 excl Irl (countries in the EU pre 2004 excluding UK & Ireland)","Base plus education migration calculation method","Number","498"
"Estimated migration flows","2023Q1","Outward migration","45 years and over","EU15 to EU27 (accession countries joined post 2004)","Base migration calculation method","Number","1405"
"Estimated migration flows","2023Q1","Outward migration","45 years and over","EU15 to EU27 (accession countries joined post 2004)","Base plus education migration calculation method","Number","1395"
"Estimated migration flows","2023Q1","Outward migration","45 years and over","Other nationalities (3)","Base migration calculation method","Number","1035"
"Estimated migration flows","2023Q1","Outward migration","45 years and over","Other nationalities (3)","Base plus education migration calculation method","Number","998"
"Estimated migration flows","2023Q1","Outward migration","All ages","Ireland","Base migration calculation method","Number","25632"
"Estimated migration flows","2023Q1","Outward migration","All ages","Ireland","Base plus education migration calculation method","Number","18334"
"Estimated migration flows","2023Q1","Outward migration","All ages","United Kingdom of Great Britain and Northern Ireland","Base migration calculation method","Number","1596"
"Estimated migration flows","2023Q1","Outward migration","All ages","United Kingdom of Great Britain and Northern Ireland","Base plus education migration calculation method","Number","1439"
"Estimated migration flows","2023Q1","Outward migration","All ages","Brazil","Base migration calculation method","Number","1377"
"Estimated migration flows","2023Q1","Outward migration","All ages","Brazil","Base plus education migration calculation method","Number","1334"
"Estimated migration flows","2023Q1","Outward migration","All ages","India","Base migration calculation method","Number","706"
"Estimated migration flows","2023Q1","Outward migration","All ages","India","Base plus education migration calculation method","Number","642"
"Estimated migration flows","2023Q1","Outward migration","All ages","Ukraine","Base migration calculation method","Number","1120"
"Estimated migration flows","2023Q1","Outward migration","All ages","Ukraine","Base plus education migration calculation method","Number","1070"
"Estimated migration flows","2023Q1","Outward migration","All ages","All nationalities","Base migration calculation method","Number","45031"
"Estimated migration flows","2023Q1","Outward migration","All ages","All nationalities","Base plus education migration calculation method","Number","36162"
"Estimated migration flows","2023Q1","Outward migration","All ages","EU14 excl Irl (countries in the EU pre 2004 excluding UK & Ireland)","Base migration calculation method","Number","3628"
"Estimated migration flows","2023Q1","Outward migration","All ages","EU14 excl Irl (countries in the EU pre 2004 excluding UK & Ireland)","Base plus education migration calculation method","Number","3468"
"Estimated migration flows","2023Q1","Outward migration","All ages","EU15 to EU27 (accession countries joined post 2004)","Base migration calculation method","Number","6352"
"Estimated migration flows","2023Q1","Outward migration","All ages","EU15 to EU27 (accession countries joined post 2004)","Base plus education migration calculation method","Number","5993"
"Estimated migration flows","2023Q1","Outward migration","All ages","Other nationalities (3)","Base migration calculation method","Number","4620"
"Estimated migration flows","2023Q1","Outward migration","All ages","Other nationalities (3)","Base plus education migration calculation method","Number","3882"
"Estimated migration flows","2023Q1","Net migration","0 - 24 years","Ireland","Base migration calculation method","Number","-6043"
"Estimated migration flows","2023Q1","Net migration","0 - 24 years","Ireland","Base plus education migration calculation method","Number","-1384"
"Estimated migration flows","2023Q1","Net migration","0 - 24 years","United Kingdom of Great Britain and Northern Ireland","Base migration calculation method","Number","111"
"Estimated migration flows","2023Q1","Net migration","0 - 24 years","United Kingdom of Great Britain and Northern Ireland","Base plus education migration calculation method","Number","181"
"Estimated migration flows","2023Q1","Net migration","0 - 24 years","Brazil","Base migration calculation method","Number","447"
"Estimated migration flows","2023Q1","Net migration","0 - 24 years","Brazil","Base plus education migration calculation method","Number","464"
"Estimated migration flows","2023Q1","Net migration","0 - 24 years","India","Base migration calculation method","Number","1578"
"Estimated migration flows","2023Q1","Net migration","0 - 24 years","India","Base plus education migration calculation method","Number","1597"
"Estimated migration flows","2023Q1","Net migration","0 - 24 years","Ukraine","Base migration calculation method","Number","2859"
"Estimated migration flows","2023Q1","Net migration","0 - 24 years","Ukraine","Base plus education migration calculation method","Number","2893"
"Estimated migration flows","2023Q1","Net migration","0 - 24 years","All nationalities","Base migration calculation method","Number","4026"
"Estimated migration flows","2023Q1","Net migration","0 - 24 years","All nationalities","Base plus education migration calculation method","Number","9407"
"Estimated migration flows","2023Q1","Net migration","0 - 24 years","EU14 excl Irl (countries in the EU pre 2004 excluding UK & Ireland)","Base migration calculation method","Number","1641"
"Estimated migration flows","2023Q1","Net migration","0 - 24 years","EU14 excl Irl (countries in the EU pre 2004 excluding UK & Ireland)","Base plus education migration calculation method","Number","1707"
"Estimated migration flows","2023Q1","Net migration","0 - 24 years","EU15 to EU27 (accession countries joined post 2004)","Base migration calculation method","Number","762"
"Estimated migration flows","2023Q1","Net migration","0 - 24 years","EU15 to EU27 (accession countries joined post 2004)","Base plus education migration calculation method","Number","942"
"Estimated migration flows","2023Q1","Net migration","0 - 24 years","Other nationalities (3)","Base migration calculation method","Number","2671"
"Estimated migration flows","2023Q1","Net migration","0 - 24 years","Other nationalities (3)","Base plus education migration calculation method","Number","3007"
"Estimated migration flows","2023Q1","Net migration","25 - 34 years","Ireland","Base migration calculation method","Number","-4241"
"Estimated migration flows","2023Q1","Net migration","25 - 34 years","Ireland","Base plus education migration calculation method","Number","-3898"
"Estimated migration flows","2023Q1","Net migration","25 - 34 years","United Kingdom of Great Britain and Northern Ireland","Base migration calculation method","Number","16"
"Estimated migration flows","2023Q1","Net migration","25 - 34 years","United Kingdom of Great Britain and Northern Ireland","Base plus education migration calculation method","Number","20"
"Estimated migration flows","2023Q1","Net migration","25 - 34 years","Brazil","Base migration calculation method","Number","620"
"Estimated migration flows","2023Q1","Net migration","25 - 34 years","Brazil","Base plus education migration calculation method","Number","635"
"Estimated migration flows","2023Q1","Net migration","25 - 34 years","India","Base migration calculation method","Number","2324"
"Estimated migration flows","2023Q1","Net migration","25 - 34 years","India","Base plus education migration calculation method","Number","2324"
"Estimated migration flows","2023Q1","Net migration","25 - 34 years","Ukraine","Base migration calculation method","Number","1326"
"Estimated migration flows","2023Q1","Net migration","25 - 34 years","Ukraine","Base plus education migration calculation method","Number","1331"
"Estimated migration flows","2023Q1","Net migration","25 - 34 years","All nationalities","Base migration calculation method","Number","4587"
"Estimated migration flows","2023Q1","Net migration","25 - 34 years","All nationalities","Base plus education migration calculation method","Number","5042"
"Estimated migration flows","2023Q1","Net migration","25 - 34 years","EU14 excl Irl (countries in the EU pre 2004 excluding UK & Ireland)","Base migration calculation method","Number","512"
"Estimated migration flows","2023Q1","Net migration","25 - 34 years","EU14 excl Irl (countries in the EU pre 2004 excluding UK & Ireland)","Base plus education migration calculation method","Number","545"
"Estimated migration flows","2023Q1","Net migration","25 - 34 years","EU15 to EU27 (accession countries joined post 2004)","Base migration calculation method","Number","151"
"Estimated migration flows","2023Q1","Net migration","25 - 34 years","EU15 to EU27 (accession countries joined post 2004)","Base plus education migration calculation method","Number","173"
"Estimated migration flows","2023Q1","Net migration","25 - 34 years","Other nationalities (3)","Base migration calculation method","Number","3879"
"Estimated migration flows","2023Q1","Net migration","25 - 34 years","Other nationalities (3)","Base plus education migration calculation method","Number","3912"
"Estimated migration flows","2023Q1","Net migration","35 - 44 years","Ireland","Base migration calculation method","Number","-168"
"Estimated migration flows","2023Q1","Net migration","35 - 44 years","Ireland","Base plus education migration calculation method","Number","-99"
"Estimated migration flows","2023Q1","Net migration","35 - 44 years","United Kingdom of Great Britain and Northern Ireland","Base migration calculation method","Number","47"
"Estimated migration flows","2023Q1","Net migration","35 - 44 years","United Kingdom of Great Britain and Northern Ireland","Base plus education migration calculation method","Number","52"
"Estimated migration flows","2023Q1","Net migration","35 - 44 years","Brazil","Base migration calculation method","Number","215"
"Estimated migration flows","2023Q1","Net migration","35 - 44 years","Brazil","Base plus education migration calculation method","Number","218"
"Estimated migration flows","2023Q1","Net migration","35 - 44 years","India","Base migration calculation method","Number","1013"
"Estimated migration flows","2023Q1","Net migration","35 - 44 years","India","Base plus education migration calculation method","Number","1013"
"Estimated migration flows","2023Q1","Net migration","35 - 44 years","Ukraine","Base migration calculation method","Number","1400"
"Estimated migration flows","2023Q1","Net migration","35 - 44 years","Ukraine","Base plus education migration calculation method","Number","1405"
"Estimated migration flows","2023Q1","Net migration","35 - 44 years","All nationalities","Base migration calculation method","Number","4220"
"Estimated migration flows","2023Q1","Net migration","35 - 44 years","All nationalities","Base plus education migration calculation method","Number","4351"
"Estimated migration flows","2023Q1","Net migration","35 - 44 years","EU14 excl Irl (countries in the EU pre 2004 excluding UK & Ireland)","Base migration calculation method","Number","20"
"Estimated migration flows","2023Q1","Net migration","35 - 44 years","EU14 excl Irl (countries in the EU pre 2004 excluding UK & Ireland)","Base plus education migration calculation method","Number","28"
"Estimated migration flows","2023Q1","Net migration","35 - 44 years","EU15 to EU27 (accession countries joined post 2004)","Base migration calculation method","Number","-441"
"Estimated migration flows","2023Q1","Net migration","35 - 44 years","EU15 to EU27 (accession countries joined post 2004)","Base plus education migration calculation method","Number","-414"
"Estimated migration flows","2023Q1","Net migration","35 - 44 years","Other nationalities (3)","Base migration calculation method","Number","2134"
"Estimated migration flows","2023Q1","Net migration","35 - 44 years","Other nationalities (3)","Base plus education migration calculation method","Number","2148"
"Estimated migration flows","2023Q1","Net migration","45 years and over","Ireland","Base migration calculation method","Number","193"
"Estimated migration flows","2023Q1","Net migration","45 years and over","Ireland","Base plus education migration calculation method","Number","259"
"Estimated migration flows","2023Q1","Net migration","45 years and over","United Kingdom of Great Britain and Northern Ireland","Base migration calculation method","Number","112"
"Estimated migration flows","2023Q1","Net migration","45 years and over","United Kingdom of Great Britain and Northern Ireland","Base plus education migration calculation method","Number","118"
"Estimated migration flows","2023Q1","Net migration","45 years and over","Brazil","Base migration calculation method","Number","63"
"Estimated migration flows","2023Q1","Net migration","45 years and over","Brazil","Base plus education migration calculation method","Number","64"
"Estimated migration flows","2023Q1","Net migration","45 years and over","India","Base migration calculation method","Number","116"
"Estimated migration flows","2023Q1","Net migration","45 years and over","India","Base plus education migration calculation method","Number","116"
"Estimated migration flows","2023Q1","Net migration","45 years and over","Ukraine","Base migration calculation method","Number","2475"
"Estimated migration flows","2023Q1","Net migration","45 years and over","Ukraine","Base plus education migration calculation method","Number","2477"
"Estimated migration flows","2023Q1","Net migration","45 years and over","All nationalities","Base migration calculation method","Number","4098"
"Estimated migration flows","2023Q1","Net migration","45 years and over","All nationalities","Base plus education migration calculation method","Number","4205"
"Estimated migration flows","2023Q1","Net migration","45 years and over","EU14 excl Irl (countries in the EU pre 2004 excluding UK & Ireland)","Base migration calculation method","Number","149"
"Estimated migration flows","2023Q1","Net migration","45 years and over","EU14 excl Irl (countries in the EU pre 2004 excluding UK & Ireland)","Base plus education migration calculation method","Number","156"
"Estimated migration flows","2023Q1","Net migration","45 years and over","EU15 to EU27 (accession countries joined post 2004)","Base migration calculation method","Number","-43"
"Estimated migration flows","2023Q1","Net migration","45 years and over","EU15 to EU27 (accession countries joined post 2004)","Base plus education migration calculation method","Number","-36"
"Estimated migration flows","2023Q1","Net migration","45 years and over","Other nationalities (3)","Base migration calculation method","Number","1033"
"Estimated migration flows","2023Q1","Net migration","45 years and over","Other nationalities (3)","Base plus education migration calculation method","Number","1051"
"Estimated migration flows","2023Q1","Net migration","All ages","Ireland","Base migration calculation method","Number","-10259"
"Estimated migration flows","2023Q1","Net migration","All ages","Ireland","Base plus education migration calculation method","Number","-5122"
"Estimated migration flows","2023Q1","Net migration","All ages","United Kingdom of Great Britain and Northern Ireland","Base migration calculation method","Number","286"
"Estimated migration flows","2023Q1","Net migration","All ages","United Kingdom of Great Britain and Northern Ireland","Base plus education migration calculation method","Number","371"
"Estimated migration flows","2023Q1","Net migration","All ages","Brazil","Base migration calculation method","Number","1345"
"Estimated migration flows","2023Q1","Net migration","All ages","Brazil","Base plus education migration calculation method","Number","1381"
"Estimated migration flows","2023Q1","Net migration","All ages","India","Base migration calculation method","Number","5031"
"Estimated migration flows","2023Q1","Net migration","All ages","India","Base plus education migration calculation method","Number","5050"
"Estimated migration flows","2023Q1","Net migration","All ages","Ukraine","Base migration calculation method","Number","8060"
"Estimated migration flows","2023Q1","Net migration","All ages","Ukraine","Base plus education migration calculation method","Number","8106"
"Estimated migration flows","2023Q1","Net migration","All ages","All nationalities","Base migration calculation method","Number","16931"
"Estimated migration flows","2023Q1","Net migration","All ages","All nationalities","Base plus education migration calculation method","Number","23005"
"Estimated migration flows","2023Q1","Net migration","All ages","EU14 excl Irl (countries in the EU pre 2004 excluding UK & Ireland)","Base migration calculation method","Number","2322"
"Estimated migration flows","2023Q1","Net migration","All ages","EU14 excl Irl (countries in the EU pre 2004 excluding UK & Ireland)","Base plus education migration calculation method","Number","2436"
"Estimated migration flows","2023Q1","Net migration","All ages","EU15 to EU27 (accession countries joined post 2004)","Base migration calculation method","Number","429"
"Estimated migration flows","2023Q1","Net migration","All ages","EU15 to EU27 (accession countries joined post 2004)","Base plus education migration calculation method","Number","665"
"Estimated migration flows","2023Q1","Net migration","All ages","Other nationalities (3)","Base migration calculation method","Number","9717"
"Estimated migration flows","2023Q1","Net migration","All ages","Other nationalities (3)","Base plus education migration calculation method","Number","10118"
"Estimated migration flows","2023Q2","Inward migration - All","0 - 24 years","Ireland","Base migration calculation method","Number","8042"
"Estimated migration flows","2023Q2","Inward migration - All","0 - 24 years","Ireland","Base plus education migration calculation method","Number","2262"
"Estimated migration flows","2023Q2","Inward migration - All","0 - 24 years","United Kingdom of Great Britain and Northern Ireland","Base migration calculation method","Number","523"
"Estimated migration flows","2023Q2","Inward migration - All","0 - 24 years","United Kingdom of Great Britain and Northern Ireland","Base plus education migration calculation method","Number","383"
"Estimated migration flows","2023Q2","Inward migration - All","0 - 24 years","Brazil","Base migration calculation method","Number","950"
"Estimated migration flows","2023Q2","Inward migration - All","0 - 24 years","Brazil","Base plus education migration calculation method","Number","944"
"Estimated migration flows","2023Q2","Inward migration - All","0 - 24 years","India","Base migration calculation method","Number","1467"
"Estimated migration flows","2023Q2","Inward migration - All","0 - 24 years","India","Base plus education migration calculation method","Number","1432"
"Estimated migration flows","2023Q2","Inward migration - All","0 - 24 years","Ukraine","Base migration calculation method","Number","2176"
"Estimated migration flows","2023Q2","Inward migration - All","0 - 24 years","Ukraine","Base plus education migration calculation method","Number","2148"
"Estimated migration flows","2023Q2","Inward migration - All","0 - 24 years","All nationalities","Base migration calculation method","Number","21419"
"Estimated migration flows","2023Q2","Inward migration - All","0 - 24 years","All nationalities","Base plus education migration calculation method","Number","14195"
"Estimated migration flows","2023Q2","Inward migration - All","0 - 24 years","EU14 excl Irl (countries in the EU pre 2004 excluding UK & Ireland)","Base migration calculation method","Number","2271"
"Estimated migration flows","2023Q2","Inward migration - All","0 - 24 years","EU14 excl Irl (countries in the EU pre 2004 excluding UK & Ireland)","Base plus education migration calculation method","Number","2207"
"Estimated migration flows","2023Q2","Inward migration - All","0 - 24 years","EU15 to EU27 (accession countries joined post 2004)","Base migration calculation method","Number","2295"
"Estimated migration flows","2023Q2","Inward migration - All","0 - 24 years","EU15 to EU27 (accession countries joined post 2004)","Base plus education migration calculation method","Number","1982"
"Estimated migration flows","2023Q2","Inward migration - All","0 - 24 years","Other nationalities (3)","Base migration calculation method","Number","3695"
"Estimated migration flows","2023Q2","Inward migration - All","0 - 24 years","Other nationalities (3)","Base plus education migration calculation method","Number","2837"
"Estimated migration flows","2023Q2","Inward migration - All","25 - 34 years","Ireland","Base migration calculation method","Number","3594"
"Estimated migration flows","2023Q2","Inward migration - All","25 - 34 years","Ireland","Base plus education migration calculation method","Number","2774"
"Estimated migration flows","2023Q2","Inward migration - All","25 - 34 years","United Kingdom of Great Britain and Northern Ireland","Base migration calculation method","Number","392"
"Estimated migration flows","2023Q2","Inward migration - All","25 - 34 years","United Kingdom of Great Britain and Northern Ireland","Base plus education migration calculation method","Number","362"
"Estimated migration flows","2023Q2","Inward migration - All","25 - 34 years","Brazil","Base migration calculation method","Number","2109"
"Estimated migration flows","2023Q2","Inward migration - All","25 - 34 years","Brazil","Base plus education migration calculation method","Number","2098"
"Estimated migration flows","2023Q2","Inward migration - All","25 - 34 years","India","Base migration calculation method","Number","1857"
"Estimated migration flows","2023Q2","Inward migration - All","25 - 34 years","India","Base plus education migration calculation method","Number","1829"
"Estimated migration flows","2023Q2","Inward migration - All","25 - 34 years","Ukraine","Base migration calculation method","Number","1018"
"Estimated migration flows","2023Q2","Inward migration - All","25 - 34 years","Ukraine","Base plus education migration calculation method","Number","1018"
"Estimated migration flows","2023Q2","Inward migration - All","25 - 34 years","All nationalities","Base migration calculation method","Number","17656"
"Estimated migration flows","2023Q2","Inward migration - All","25 - 34 years","All nationalities","Base plus education migration calculation method","Number","16591"
"Estimated migration flows","2023Q2","Inward migration - All","25 - 34 years","EU14 excl Irl (countries in the EU pre 2004 excluding UK & Ireland)","Base migration calculation method","Number","2107"
"Estimated migration flows","2023Q2","Inward migration - All","25 - 34 years","EU14 excl Irl (countries in the EU pre 2004 excluding UK & Ireland)","Base plus education migration calculation method","Number","2079"
"Estimated migration flows","2023Q2","Inward migration - All","25 - 34 years","EU15 to EU27 (accession countries joined post 2004)","Base migration calculation method","Number","1825"
"Estimated migration flows","2023Q2","Inward migration - All","25 - 34 years","EU15 to EU27 (accession countries joined post 2004)","Base plus education migration calculation method","Number","1781"
"Estimated migration flows","2023Q2","Inward migration - All","25 - 34 years","Other nationalities (3)","Base migration calculation method","Number","4754"
"Estimated migration flows","2023Q2","Inward migration - All","25 - 34 years","Other nationalities (3)","Base plus education migration calculation method","Number","4650"
"Estimated migration flows","2023Q2","Inward migration - All","35 - 44 years","Ireland","Base migration calculation method","Number","2069"
"Estimated migration flows","2023Q2","Inward migration - All","35 - 44 years","Ireland","Base plus education migration calculation method","Number","1884"
"Estimated migration flows","2023Q2","Inward migration - All","35 - 44 years","United Kingdom of Great Britain and Northern Ireland","Base migration calculation method","Number","264"
"Estimated migration flows","2023Q2","Inward migration - All","35 - 44 years","United Kingdom of Great Britain and Northern Ireland","Base plus education migration calculation method","Number","256"
"Estimated migration flows","2023Q2","Inward migration - All","35 - 44 years","Brazil","Base migration calculation method","Number","690"
"Estimated migration flows","2023Q2","Inward migration - All","35 - 44 years","Brazil","Base plus education migration calculation method","Number","683"
"Estimated migration flows","2023Q2","Inward migration - All","35 - 44 years","India","Base migration calculation method","Number","1147"
"Estimated migration flows","2023Q2","Inward migration - All","35 - 44 years","India","Base plus education migration calculation method","Number","1142"
"Estimated migration flows","2023Q2","Inward migration - All","35 - 44 years","Ukraine","Base migration calculation method","Number","1096"
"Estimated migration flows","2023Q2","Inward migration - All","35 - 44 years","Ukraine","Base plus education migration calculation method","Number","1096"
"Estimated migration flows","2023Q2","Inward migration - All","35 - 44 years","All nationalities","Base migration calculation method","Number","9975"
"Estimated migration flows","2023Q2","Inward migration - All","35 - 44 years","All nationalities","Base plus education migration calculation method","Number","9716"
"Estimated migration flows","2023Q2","Inward migration - All","35 - 44 years","EU14 excl Irl (countries in the EU pre 2004 excluding UK & Ireland)","Base migration calculation method","Number","804"
"Estimated migration flows","2023Q2","Inward migration - All","35 - 44 years","EU14 excl Irl (countries in the EU pre 2004 excluding UK & Ireland)","Base plus education migration calculation method","Number","796"
"Estimated migration flows","2023Q2","Inward migration - All","35 - 44 years","EU15 to EU27 (accession countries joined post 2004)","Base migration calculation method","Number","1530"
"Estimated migration flows","2023Q2","Inward migration - All","35 - 44 years","EU15 to EU27 (accession countries joined post 2004)","Base plus education migration calculation method","Number","1512"
"Estimated migration flows","2023Q2","Inward migration - All","35 - 44 years","Other nationalities (3)","Base migration calculation method","Number","2375"
"Estimated migration flows","2023Q2","Inward migration - All","35 - 44 years","Other nationalities (3)","Base plus education migration calculation method","Number","2347"
"Estimated migration flows","2023Q2","Inward migration - All","45 years and over","Ireland","Base migration calculation method","Number","5014"
"Estimated migration flows","2023Q2","Inward migration - All","45 years and over","Ireland","Base plus education migration calculation method","Number","4867"
"Estimated migration flows","2023Q2","Inward migration - All","45 years and over","United Kingdom of Great Britain and Northern Ireland","Base migration calculation method","Number","738"
"Estimated migration flows","2023Q2","Inward migration - All","45 years and over","United Kingdom of Great Britain and Northern Ireland","Base plus education migration calculation method","Number","728"
"Estimated migration flows","2023Q2","Inward migration - All","45 years and over","Brazil","Base migration calculation method","Number","243"
"Estimated migration flows","2023Q2","Inward migration - All","45 years and over","Brazil","Base plus education migration calculation method","Number","242"
"Estimated migration flows","2023Q2","Inward migration - All","45 years and over","India","Base migration calculation method","Number","158"
"Estimated migration flows","2023Q2","Inward migration - All","45 years and over","India","Base plus education migration calculation method","Number","157"
"Estimated migration flows","2023Q2","Inward migration - All","45 years and over","Ukraine","Base migration calculation method","Number","2018"
"Estimated migration flows","2023Q2","Inward migration - All","45 years and over","Ukraine","Base plus education migration calculation method","Number","2019"
"Estimated migration flows","2023Q2","Inward migration - All","45 years and over","All nationalities","Base migration calculation method","Number","11813"
"Estimated migration flows","2023Q2","Inward migration - All","45 years and over","All nationalities","Base plus education migration calculation method","Number","11610"
"Estimated migration flows","2023Q2","Inward migration - All","45 years and over","EU14 excl Irl (countries in the EU pre 2004 excluding UK & Ireland)","Base migration calculation method","Number","703"
"Estimated migration flows","2023Q2","Inward migration - All","45 years and over","EU14 excl Irl (countries in the EU pre 2004 excluding UK & Ireland)","Base plus education migration calculation method","Number","693"
"Estimated migration flows","2023Q2","Inward migration - All","45 years and over","EU15 to EU27 (accession countries joined post 2004)","Base migration calculation method","Number","1367"
"Estimated migration flows","2023Q2","Inward migration - All","45 years and over","EU15 to EU27 (accession countries joined post 2004)","Base plus education migration calculation method","Number","1358"
"Estimated migration flows","2023Q2","Inward migration - All","45 years and over","Other nationalities (3)","Base migration calculation method","Number","1572"
"Estimated migration flows","2023Q2","Inward migration - All","45 years and over","Other nationalities (3)","Base plus education migration calculation method","Number","1546"
"Estimated migration flows","2023Q2","Inward migration - All","All ages","Ireland","Base migration calculation method","Number","18719"
"Estimated migration flows","2023Q2","Inward migration - All","All ages","Ireland","Base plus education migration calculation method","Number","11787"
"Estimated migration flows","2023Q2","Inward migration - All","All ages","United Kingdom of Great Britain and Northern Ireland","Base migration calculation method","Number","1917"
"Estimated migration flows","2023Q2","Inward migration - All","All ages","United Kingdom of Great Britain and Northern Ireland","Base plus education migration calculation method","Number","1729"
"Estimated migration flows","2023Q2","Inward migration - All","All ages","Brazil","Base migration calculation method","Number","3992"
"Estimated migration flows","2023Q2","Inward migration - All","All ages","Brazil","Base plus education migration calculation method","Number","3967"
"Estimated migration flows","2023Q2","Inward migration - All","All ages","India","Base migration calculation method","Number","4629"
"Estimated migration flows","2023Q2","Inward migration - All","All ages","India","Base plus education migration calculation method","Number","4560"
"Estimated migration flows","2023Q2","Inward migration - All","All ages","Ukraine","Base migration calculation method","Number","6308"
"Estimated migration flows","2023Q2","Inward migration - All","All ages","Ukraine","Base plus education migration calculation method","Number","6281"
"Estimated migration flows","2023Q2","Inward migration - All","All ages","All nationalities","Base migration calculation method","Number","60863"
"Estimated migration flows","2023Q2","Inward migration - All","All ages","All nationalities","Base plus education migration calculation method","Number","52112"
"Estimated migration flows","2023Q2","Inward migration - All","All ages","EU14 excl Irl (countries in the EU pre 2004 excluding UK & Ireland)","Base migration calculation method","Number","5885"
"Estimated migration flows","2023Q2","Inward migration - All","All ages","EU14 excl Irl (countries in the EU pre 2004 excluding UK & Ireland)","Base plus education migration calculation method","Number","5775"
"Estimated migration flows","2023Q2","Inward migration - All","All ages","EU15 to EU27 (accession countries joined post 2004)","Base migration calculation method","Number","7017"
"Estimated migration flows","2023Q2","Inward migration - All","All ages","EU15 to EU27 (accession countries joined post 2004)","Base plus education migration calculation method","Number","6633"
"Estimated migration flows","2023Q2","Inward migration - All","All ages","Other nationalities (3)","Base migration calculation method","Number","12396"
"Estimated migration flows","2023Q2","Inward migration - All","All ages","Other nationalities (3)","Base plus education migration calculation method","Number","11380"
"Estimated migration flows","2023Q2","Outward migration","0 - 24 years","Ireland","Base migration calculation method","Number","6209"
"Estimated migration flows","2023Q2","Outward migration","0 - 24 years","Ireland","Base plus education migration calculation method","Number","3117"
"Estimated migration flows","2023Q2","Outward migration","0 - 24 years","United Kingdom of Great Britain and Northern Ireland","Base migration calculation method","Number","198"
"Estimated migration flows","2023Q2","Outward migration","0 - 24 years","United Kingdom of Great Britain and Northern Ireland","Base plus education migration calculation method","Number","122"
"Estimated migration flows","2023Q2","Outward migration","0 - 24 years","Brazil","Base migration calculation method","Number","160"
"Estimated migration flows","2023Q2","Outward migration","0 - 24 years","Brazil","Base plus education migration calculation method","Number","152"
"Estimated migration flows","2023Q2","Outward migration","0 - 24 years","India","Base migration calculation method","Number","59"
"Estimated migration flows","2023Q2","Outward migration","0 - 24 years","India","Base plus education migration calculation method","Number","39"
"Estimated migration flows","2023Q2","Outward migration","0 - 24 years","Ukraine","Base migration calculation method","Number","246"
"Estimated migration flows","2023Q2","Outward migration","0 - 24 years","Ukraine","Base plus education migration calculation method","Number","231"
"Estimated migration flows","2023Q2","Outward migration","0 - 24 years","All nationalities","Base migration calculation method","Number","9109"
"Estimated migration flows","2023Q2","Outward migration","0 - 24 years","All nationalities","Base plus education migration calculation method","Number","5345"
"Estimated migration flows","2023Q2","Outward migration","0 - 24 years","EU14 excl Irl (countries in the EU pre 2004 excluding UK & Ireland)","Base migration calculation method","Number","515"
"Estimated migration flows","2023Q2","Outward migration","0 - 24 years","EU14 excl Irl (countries in the EU pre 2004 excluding UK & Ireland)","Base plus education migration calculation method","Number","470"
"Estimated migration flows","2023Q2","Outward migration","0 - 24 years","EU15 to EU27 (accession countries joined post 2004)","Base migration calculation method","Number","937"
"Estimated migration flows","2023Q2","Outward migration","0 - 24 years","EU15 to EU27 (accession countries joined post 2004)","Base plus education migration calculation method","Number","772"
"Estimated migration flows","2023Q2","Outward migration","0 - 24 years","Other nationalities (3)","Base migration calculation method","Number","785"
"Estimated migration flows","2023Q2","Outward migration","0 - 24 years","Other nationalities (3)","Base plus education migration calculation method","Number","442"
"Estimated migration flows","2023Q2","Outward migration","25 - 34 years","Ireland","Base migration calculation method","Number","6708"
"Estimated migration flows","2023Q2","Outward migration","25 - 34 years","Ireland","Base plus education migration calculation method","Number","6124"
"Estimated migration flows","2023Q2","Outward migration","25 - 34 years","United Kingdom of Great Britain and Northern Ireland","Base migration calculation method","Number","354"
"Estimated migration flows","2023Q2","Outward migration","25 - 34 years","United Kingdom of Great Britain and Northern Ireland","Base plus education migration calculation method","Number","339"
"Estimated migration flows","2023Q2","Outward migration","25 - 34 years","Brazil","Base migration calculation method","Number","742"
"Estimated migration flows","2023Q2","Outward migration","25 - 34 years","Brazil","Base plus education migration calculation method","Number","711"
"Estimated migration flows","2023Q2","Outward migration","25 - 34 years","India","Base migration calculation method","Number","383"
"Estimated migration flows","2023Q2","Outward migration","25 - 34 years","India","Base plus education migration calculation method","Number","356"
"Estimated migration flows","2023Q2","Outward migration","25 - 34 years","Ukraine","Base migration calculation method","Number","417"
"Estimated migration flows","2023Q2","Outward migration","25 - 34 years","Ukraine","Base plus education migration calculation method","Number","411"
"Estimated migration flows","2023Q2","Outward migration","25 - 34 years","All nationalities","Base migration calculation method","Number","13292"
"Estimated migration flows","2023Q2","Outward migration","25 - 34 years","All nationalities","Base plus education migration calculation method","Number","12478"
"Estimated migration flows","2023Q2","Outward migration","25 - 34 years","EU14 excl Irl (countries in the EU pre 2004 excluding UK & Ireland)","Base migration calculation method","Number","1512"
"Estimated migration flows","2023Q2","Outward migration","25 - 34 years","EU14 excl Irl (countries in the EU pre 2004 excluding UK & Ireland)","Base plus education migration calculation method","Number","1466"
"Estimated migration flows","2023Q2","Outward migration","25 - 34 years","EU15 to EU27 (accession countries joined post 2004)","Base migration calculation method","Number","1716"
"Estimated migration flows","2023Q2","Outward migration","25 - 34 years","EU15 to EU27 (accession countries joined post 2004)","Base plus education migration calculation method","Number","1679"
"Estimated migration flows","2023Q2","Outward migration","25 - 34 years","Other nationalities (3)","Base migration calculation method","Number","1460"
"Estimated migration flows","2023Q2","Outward migration","25 - 34 years","Other nationalities (3)","Base plus education migration calculation method","Number","1392"
"Estimated migration flows","2023Q2","Outward migration","35 - 44 years","Ireland","Base migration calculation method","Number","2315"
"Estimated migration flows","2023Q2","Outward migration","35 - 44 years","Ireland","Base plus education migration calculation method","Number","2213"
"Estimated migration flows","2023Q2","Outward migration","35 - 44 years","United Kingdom of Great Britain and Northern Ireland","Base migration calculation method","Number","254"
"Estimated migration flows","2023Q2","Outward migration","35 - 44 years","United Kingdom of Great Britain and Northern Ireland","Base plus education migration calculation method","Number","245"
"Estimated migration flows","2023Q2","Outward migration","35 - 44 years","Brazil","Base migration calculation method","Number","312"
"Estimated migration flows","2023Q2","Outward migration","35 - 44 years","Brazil","Base plus education migration calculation method","Number","298"
"Estimated migration flows","2023Q2","Outward migration","35 - 44 years","India","Base migration calculation method","Number","192"
"Estimated migration flows","2023Q2","Outward migration","35 - 44 years","India","Base plus education migration calculation method","Number","182"
"Estimated migration flows","2023Q2","Outward migration","35 - 44 years","Ukraine","Base migration calculation method","Number","341"
"Estimated migration flows","2023Q2","Outward migration","35 - 44 years","Ukraine","Base plus education migration calculation method","Number","338"
"Estimated migration flows","2023Q2","Outward migration","35 - 44 years","All nationalities","Base migration calculation method","Number","6541"
"Estimated migration flows","2023Q2","Outward migration","35 - 44 years","All nationalities","Base plus education migration calculation method","Number","6332"
"Estimated migration flows","2023Q2","Outward migration","35 - 44 years","EU14 excl Irl (countries in the EU pre 2004 excluding UK & Ireland)","Base migration calculation method","Number","680"
"Estimated migration flows","2023Q2","Outward migration","35 - 44 years","EU14 excl Irl (countries in the EU pre 2004 excluding UK & Ireland)","Base plus education migration calculation method","Number","669"
"Estimated migration flows","2023Q2","Outward migration","35 - 44 years","EU15 to EU27 (accession countries joined post 2004)","Base migration calculation method","Number","1594"
"Estimated migration flows","2023Q2","Outward migration","35 - 44 years","EU15 to EU27 (accession countries joined post 2004)","Base plus education migration calculation method","Number","1566"
"Estimated migration flows","2023Q2","Outward migration","35 - 44 years","Other nationalities (3)","Base migration calculation method","Number","853"
"Estimated migration flows","2023Q2","Outward migration","35 - 44 years","Other nationalities (3)","Base plus education migration calculation method","Number","821"
"Estimated migration flows","2023Q2","Outward migration","45 years and over","Ireland","Base migration calculation method","Number","4547"
"Estimated migration flows","2023Q2","Outward migration","45 years and over","Ireland","Base plus education migration calculation method","Number","4420"
"Estimated migration flows","2023Q2","Outward migration","45 years and over","United Kingdom of Great Britain and Northern Ireland","Base migration calculation method","Number","590"
"Estimated migration flows","2023Q2","Outward migration","45 years and over","United Kingdom of Great Britain and Northern Ireland","Base plus education migration calculation method","Number","581"
"Estimated migration flows","2023Q2","Outward migration","45 years and over","Brazil","Base migration calculation method","Number","78"
"Estimated migration flows","2023Q2","Outward migration","45 years and over","Brazil","Base plus education migration calculation method","Number","76"
"Estimated migration flows","2023Q2","Outward migration","45 years and over","India","Base migration calculation method","Number","39"
"Estimated migration flows","2023Q2","Outward migration","45 years and over","India","Base plus education migration calculation method","Number","39"
"Estimated migration flows","2023Q2","Outward migration","45 years and over","Ukraine","Base migration calculation method","Number","396"
"Estimated migration flows","2023Q2","Outward migration","45 years and over","Ukraine","Base plus education migration calculation method","Number","389"
"Estimated migration flows","2023Q2","Outward migration","45 years and over","All nationalities","Base migration calculation method","Number","8255"
"Estimated migration flows","2023Q2","Outward migration","45 years and over","All nationalities","Base plus education migration calculation method","Number","8069"
"Estimated migration flows","2023Q2","Outward migration","45 years and over","EU14 excl Irl (countries in the EU pre 2004 excluding UK & Ireland)","Base migration calculation method","Number","484"
"Estimated migration flows","2023Q2","Outward migration","45 years and over","EU14 excl Irl (countries in the EU pre 2004 excluding UK & Ireland)","Base plus education migration calculation method","Number","471"
"Estimated migration flows","2023Q2","Outward migration","45 years and over","EU15 to EU27 (accession countries joined post 2004)","Base migration calculation method","Number","1235"
"Estimated migration flows","2023Q2","Outward migration","45 years and over","EU15 to EU27 (accession countries joined post 2004)","Base plus education migration calculation method","Number","1226"
"Estimated migration flows","2023Q2","Outward migration","45 years and over","Other nationalities (3)","Base migration calculation method","Number","886"
"Estimated migration flows","2023Q2","Outward migration","45 years and over","Other nationalities (3)","Base plus education migration calculation method","Number","867"
"Estimated migration flows","2023Q2","Outward migration","All ages","Ireland","Base migration calculation method","Number","19779"
"Estimated migration flows","2023Q2","Outward migration","All ages","Ireland","Base plus education migration calculation method","Number","15874"
"Estimated migration flows","2023Q2","Outward migration","All ages","United Kingdom of Great Britain and Northern Ireland","Base migration calculation method","Number","1396"
"Estimated migration flows","2023Q2","Outward migration","All ages","United Kingdom of Great Britain and Northern Ireland","Base plus education migration calculation method","Number","1287"
"Estimated migration flows","2023Q2","Outward migration","All ages","Brazil","Base migration calculation method","Number","1292"
"Estimated migration flows","2023Q2","Outward migration","All ages","Brazil","Base plus education migration calculation method","Number","1237"
"Estimated migration flows","2023Q2","Outward migration","All ages","India","Base migration calculation method","Number","673"
"Estimated migration flows","2023Q2","Outward migration","All ages","India","Base plus education migration calculation method","Number","616"
"Estimated migration flows","2023Q2","Outward migration","All ages","Ukraine","Base migration calculation method","Number","1400"
"Estimated migration flows","2023Q2","Outward migration","All ages","Ukraine","Base plus education migration calculation method","Number","1369"
"Estimated migration flows","2023Q2","Outward migration","All ages","All nationalities","Base migration calculation method","Number","37197"
"Estimated migration flows","2023Q2","Outward migration","All ages","All nationalities","Base plus education migration calculation method","Number","32224"
"Estimated migration flows","2023Q2","Outward migration","All ages","EU14 excl Irl (countries in the EU pre 2004 excluding UK & Ireland)","Base migration calculation method","Number","3191"
"Estimated migration flows","2023Q2","Outward migration","All ages","EU14 excl Irl (countries in the EU pre 2004 excluding UK & Ireland)","Base plus education migration calculation method","Number","3076"
"Estimated migration flows","2023Q2","Outward migration","All ages","EU15 to EU27 (accession countries joined post 2004)","Base migration calculation method","Number","5482"
"Estimated migration flows","2023Q2","Outward migration","All ages","EU15 to EU27 (accession countries joined post 2004)","Base plus education migration calculation method","Number","5243"
"Estimated migration flows","2023Q2","Outward migration","All ages","Other nationalities (3)","Base migration calculation method","Number","3984"
"Estimated migration flows","2023Q2","Outward migration","All ages","Other nationalities (3)","Base plus education migration calculation method","Number","3522"
"Estimated migration flows","2023Q2","Net migration","0 - 24 years","Ireland","Base migration calculation method","Number","1833"
"Estimated migration flows","2023Q2","Net migration","0 - 24 years","Ireland","Base plus education migration calculation method","Number","-855"
"Estimated migration flows","2023Q2","Net migration","0 - 24 years","United Kingdom of Great Britain and Northern Ireland","Base migration calculation method","Number","325"
"Estimated migration flows","2023Q2","Net migration","0 - 24 years","United Kingdom of Great Britain and Northern Ireland","Base plus education migration calculation method","Number","261"
"Estimated migration flows","2023Q2","Net migration","0 - 24 years","Brazil","Base migration calculation method","Number","790"
"Estimated migration flows","2023Q2","Net migration","0 - 24 years","Brazil","Base plus education migration calculation method","Number","792"
"Estimated migration flows","2023Q2","Net migration","0 - 24 years","India","Base migration calculation method","Number","1408"
"Estimated migration flows","2023Q2","Net migration","0 - 24 years","India","Base plus education migration calculation method","Number","1393"
"Estimated migration flows","2023Q2","Net migration","0 - 24 years","Ukraine","Base migration calculation method","Number","1930"
"Estimated migration flows","2023Q2","Net migration","0 - 24 years","Ukraine","Base plus education migration calculation method","Number","1917"
"Estimated migration flows","2023Q2","Net migration","0 - 24 years","All nationalities","Base migration calculation method","Number","12310"
"Estimated migration flows","2023Q2","Net migration","0 - 24 years","All nationalities","Base plus education migration calculation method","Number","8850"
"Estimated migration flows","2023Q2","Net migration","0 - 24 years","EU14 excl Irl (countries in the EU pre 2004 excluding UK & Ireland)","Base migration calculation method","Number","1756"
"Estimated migration flows","2023Q2","Net migration","0 - 24 years","EU14 excl Irl (countries in the EU pre 2004 excluding UK & Ireland)","Base plus education migration calculation method","Number","1737"
"Estimated migration flows","2023Q2","Net migration","0 - 24 years","EU15 to EU27 (accession countries joined post 2004)","Base migration calculation method","Number","1358"
"Estimated migration flows","2023Q2","Net migration","0 - 24 years","EU15 to EU27 (accession countries joined post 2004)","Base plus education migration calculation method","Number","1210"
"Estimated migration flows","2023Q2","Net migration","0 - 24 years","Other nationalities (3)","Base migration calculation method","Number","2910"
"Estimated migration flows","2023Q2","Net migration","0 - 24 years","Other nationalities (3)","Base plus education migration calculation method","Number","2395"
"Estimated migration flows","2023Q2","Net migration","25 - 34 years","Ireland","Base migration calculation method","Number","-3114"
"Estimated migration flows","2023Q2","Net migration","25 - 34 years","Ireland","Base plus education migration calculation method","Number","-3350"
"Estimated migration flows","2023Q2","Net migration","25 - 34 years","United Kingdom of Great Britain and Northern Ireland","Base migration calculation method","Number","38"
"Estimated migration flows","2023Q2","Net migration","25 - 34 years","United Kingdom of Great Britain and Northern Ireland","Base plus education migration calculation method","Number","23"
"Estimated migration flows","2023Q2","Net migration","25 - 34 years","Brazil","Base migration calculation method","Number","1367"
"Estimated migration flows","2023Q2","Net migration","25 - 34 years","Brazil","Base plus education migration calculation method","Number","1387"
"Estimated migration flows","2023Q2","Net migration","25 - 34 years","India","Base migration calculation method","Number","1474"
"Estimated migration flows","2023Q2","Net migration","25 - 34 years","India","Base plus education migration calculation method","Number","1473"
"Estimated migration flows","2023Q2","Net migration","25 - 34 years","Ukraine","Base migration calculation method","Number","601"
"Estimated migration flows","2023Q2","Net migration","25 - 34 years","Ukraine","Base plus education migration calculation method","Number","607"
"Estimated migration flows","2023Q2","Net migration","25 - 34 years","All nationalities","Base migration calculation method","Number","4364"
"Estimated migration flows","2023Q2","Net migration","25 - 34 years","All nationalities","Base plus education migration calculation method","Number","4113"
"Estimated migration flows","2023Q2","Net migration","25 - 34 years","EU14 excl Irl (countries in the EU pre 2004 excluding UK & Ireland)","Base migration calculation method","Number","595"
"Estimated migration flows","2023Q2","Net migration","25 - 34 years","EU14 excl Irl (countries in the EU pre 2004 excluding UK & Ireland)","Base plus education migration calculation method","Number","613"
"Estimated migration flows","2023Q2","Net migration","25 - 34 years","EU15 to EU27 (accession countries joined post 2004)","Base migration calculation method","Number","109"
"Estimated migration flows","2023Q2","Net migration","25 - 34 years","EU15 to EU27 (accession countries joined post 2004)","Base plus education migration calculation method","Number","102"
"Estimated migration flows","2023Q2","Net migration","25 - 34 years","Other nationalities (3)","Base migration calculation method","Number","3294"
"Estimated migration flows","2023Q2","Net migration","25 - 34 years","Other nationalities (3)","Base plus education migration calculation method","Number","3258"
"Estimated migration flows","2023Q2","Net migration","35 - 44 years","Ireland","Base migration calculation method","Number","-246"
"Estimated migration flows","2023Q2","Net migration","35 - 44 years","Ireland","Base plus education migration calculation method","Number","-329"
"Estimated migration flows","2023Q2","Net migration","35 - 44 years","United Kingdom of Great Britain and Northern Ireland","Base migration calculation method","Number","10"
"Estimated migration flows","2023Q2","Net migration","35 - 44 years","United Kingdom of Great Britain and Northern Ireland","Base plus education migration calculation method","Number","11"
"Estimated migration flows","2023Q2","Net migration","35 - 44 years","Brazil","Base migration calculation method","Number","378"
"Estimated migration flows","2023Q2","Net migration","35 - 44 years","Brazil","Base plus education migration calculation method","Number","385"
"Estimated migration flows","2023Q2","Net migration","35 - 44 years","India","Base migration calculation method","Number","955"
"Estimated migration flows","2023Q2","Net migration","35 - 44 years","India","Base plus education migration calculation method","Number","960"
"Estimated migration flows","2023Q2","Net migration","35 - 44 years","Ukraine","Base migration calculation method","Number","755"
"Estimated migration flows","2023Q2","Net migration","35 - 44 years","Ukraine","Base plus education migration calculation method","Number","758"
"Estimated migration flows","2023Q2","Net migration","35 - 44 years","All nationalities","Base migration calculation method","Number","3434"
"Estimated migration flows","2023Q2","Net migration","35 - 44 years","All nationalities","Base plus education migration calculation method","Number","3384"
"Estimated migration flows","2023Q2","Net migration","35 - 44 years","EU14 excl Irl (countries in the EU pre 2004 excluding UK & Ireland)","Base migration calculation method","Number","124"
"Estimated migration flows","2023Q2","Net migration","35 - 44 years","EU14 excl Irl (countries in the EU pre 2004 excluding UK & Ireland)","Base plus education migration calculation method","Number","127"
"Estimated migration flows","2023Q2","Net migration","35 - 44 years","EU15 to EU27 (accession countries joined post 2004)","Base migration calculation method","Number","-64"
"Estimated migration flows","2023Q2","Net migration","35 - 44 years","EU15 to EU27 (accession countries joined post 2004)","Base plus education migration calculation method","Number","-54"
"Estimated migration flows","2023Q2","Net migration","35 - 44 years","Other nationalities (3)","Base migration calculation method","Number","1522"
"Estimated migration flows","2023Q2","Net migration","35 - 44 years","Other nationalities (3)","Base plus education migration calculation method","Number","1526"
"Estimated migration flows","2023Q2","Net migration","45 years and over","Ireland","Base migration calculation method","Number","467"
"Estimated migration flows","2023Q2","Net migration","45 years and over","Ireland","Base plus education migration calculation method","Number","447"
"Estimated migration flows","2023Q2","Net migration","45 years and over","United Kingdom of Great Britain and Northern Ireland","Base migration calculation method","Number","148"
"Estimated migration flows","2023Q2","Net migration","45 years and over","United Kingdom of Great Britain and Northern Ireland","Base plus education migration calculation method","Number","147"
"Estimated migration flows","2023Q2","Net migration","45 years and over","Brazil","Base migration calculation method","Number","165"
"Estimated migration flows","2023Q2","Net migration","45 years and over","Brazil","Base plus education migration calculation method","Number","166"
"Estimated migration flows","2023Q2","Net migration","45 years and over","India","Base migration calculation method","Number","119"
"Estimated migration flows","2023Q2","Net migration","45 years and over","India","Base plus education migration calculation method","Number","118"
"Estimated migration flows","2023Q2","Net migration","45 years and over","Ukraine","Base migration calculation method","Number","1622"
"Estimated migration flows","2023Q2","Net migration","45 years and over","Ukraine","Base plus education migration calculation method","Number","1630"
"Estimated migration flows","2023Q2","Net migration","45 years and over","All nationalities","Base migration calculation method","Number","3558"
"Estimated migration flows","2023Q2","Net migration","45 years and over","All nationalities","Base plus education migration calculation method","Number","3541"
"Estimated migration flows","2023Q2","Net migration","45 years and over","EU14 excl Irl (countries in the EU pre 2004 excluding UK & Ireland)","Base migration calculation method","Number","219"
"Estimated migration flows","2023Q2","Net migration","45 years and over","EU14 excl Irl (countries in the EU pre 2004 excluding UK & Ireland)","Base plus education migration calculation method","Number","222"
"Estimated migration flows","2023Q2","Net migration","45 years and over","EU15 to EU27 (accession countries joined post 2004)","Base migration calculation method","Number","132"
"Estimated migration flows","2023Q2","Net migration","45 years and over","EU15 to EU27 (accession countries joined post 2004)","Base plus education migration calculation method","Number","132"
"Estimated migration flows","2023Q2","Net migration","45 years and over","Other nationalities (3)","Base migration calculation method","Number","686"
"Estimated migration flows","2023Q2","Net migration","45 years and over","Other nationalities (3)","Base plus education migration calculation method","Number","679"
"Estimated migration flows","2023Q2","Net migration","All ages","Ireland","Base migration calculation method","Number","-1060"
"Estimated migration flows","2023Q2","Net migration","All ages","Ireland","Base plus education migration calculation method","Number","-4087"
"Estimated migration flows","2023Q2","Net migration","All ages","United Kingdom of Great Britain and Northern Ireland","Base migration calculation method","Number","521"
"Estimated migration flows","2023Q2","Net migration","All ages","United Kingdom of Great Britain and Northern Ireland","Base plus education migration calculation method","Number","442"
"Estimated migration flows","2023Q2","Net migration","All ages","Brazil","Base migration calculation method","Number","2700"
"Estimated migration flows","2023Q2","Net migration","All ages","Brazil","Base plus education migration calculation method","Number","2730"
"Estimated migration flows","2023Q2","Net migration","All ages","India","Base migration calculation method","Number","3956"
"Estimated migration flows","2023Q2","Net migration","All ages","India","Base plus education migration calculation method","Number","3944"
"Estimated migration flows","2023Q2","Net migration","All ages","Ukraine","Base migration calculation method","Number","4908"
"Estimated migration flows","2023Q2","Net migration","All ages","Ukraine","Base plus education migration calculation method","Number","4912"
"Estimated migration flows","2023Q2","Net migration","All ages","All nationalities","Base migration calculation method","Number","23666"
"Estimated migration flows","2023Q2","Net migration","All ages","All nationalities","Base plus education migration calculation method","Number","19888"
"Estimated migration flows","2023Q2","Net migration","All ages","EU14 excl Irl (countries in the EU pre 2004 excluding UK & Ireland)","Base migration calculation method","Number","2694"
"Estimated migration flows","2023Q2","Net migration","All ages","EU14 excl Irl (countries in the EU pre 2004 excluding UK & Ireland)","Base plus education migration calculation method","Number","2699"
"Estimated migration flows","2023Q2","Net migration","All ages","EU15 to EU27 (accession countries joined post 2004)","Base migration calculation method","Number","1535"
"Estimated migration flows","2023Q2","Net migration","All ages","EU15 to EU27 (accession countries joined post 2004)","Base plus education migration calculation method","Number","1390"
"Estimated migration flows","2023Q2","Net migration","All ages","Other nationalities (3)","Base migration calculation method","Number","8412"
"Estimated migration flows","2023Q2","Net migration","All ages","Other nationalities (3)","Base plus education migration calculation method","Number","7858"
"Estimated migration flows","2023Q3","Inward migration - All","0 - 24 years","Ireland","Base migration calculation method","Number","6872"
"Estimated migration flows","2023Q3","Inward migration - All","0 - 24 years","Ireland","Base plus education migration calculation method","Number","2654"
"Estimated migration flows","2023Q3","Inward migration - All","0 - 24 years","United Kingdom of Great Britain and Northern Ireland","Base migration calculation method","Number","610"
"Estimated migration flows","2023Q3","Inward migration - All","0 - 24 years","United Kingdom of Great Britain and Northern Ireland","Base plus education migration calculation method","Number","581"
"Estimated migration flows","2023Q3","Inward migration - All","0 - 24 years","Brazil","Base migration calculation method","Number","873"
"Estimated migration flows","2023Q3","Inward migration - All","0 - 24 years","Brazil","Base plus education migration calculation method","Number","929"
"Estimated migration flows","2023Q3","Inward migration - All","0 - 24 years","India","Base migration calculation method","Number","2030"
"Estimated migration flows","2023Q3","Inward migration - All","0 - 24 years","India","Base plus education migration calculation method","Number","2102"
"Estimated migration flows","2023Q3","Inward migration - All","0 - 24 years","Ukraine","Base migration calculation method","Number","2701"
"Estimated migration flows","2023Q3","Inward migration - All","0 - 24 years","Ukraine","Base plus education migration calculation method","Number","2753"
"Estimated migration flows","2023Q3","Inward migration - All","0 - 24 years","All nationalities","Base migration calculation method","Number","22639"
"Estimated migration flows","2023Q3","Inward migration - All","0 - 24 years","All nationalities","Base plus education migration calculation method","Number","18336"
"Estimated migration flows","2023Q3","Inward migration - All","0 - 24 years","EU14 excl Irl (countries in the EU pre 2004 excluding UK & Ireland)","Base migration calculation method","Number","2704"
"Estimated migration flows","2023Q3","Inward migration - All","0 - 24 years","EU14 excl Irl (countries in the EU pre 2004 excluding UK & Ireland)","Base plus education migration calculation method","Number","2835"
"Estimated migration flows","2023Q3","Inward migration - All","0 - 24 years","EU15 to EU27 (accession countries joined post 2004)","Base migration calculation method","Number","2768"
"Estimated migration flows","2023Q3","Inward migration - All","0 - 24 years","EU15 to EU27 (accession countries joined post 2004)","Base plus education migration calculation method","Number","2635"
"Estimated migration flows","2023Q3","Inward migration - All","0 - 24 years","Other nationalities (3)","Base migration calculation method","Number","4081"
"Estimated migration flows","2023Q3","Inward migration - All","0 - 24 years","Other nationalities (3)","Base plus education migration calculation method","Number","3847"
"Estimated migration flows","2023Q3","Inward migration - All","25 - 34 years","Ireland","Base migration calculation method","Number","4666"
"Estimated migration flows","2023Q3","Inward migration - All","25 - 34 years","Ireland","Base plus education migration calculation method","Number","3962"
"Estimated migration flows","2023Q3","Inward migration - All","25 - 34 years","United Kingdom of Great Britain and Northern Ireland","Base migration calculation method","Number","465"
"Estimated migration flows","2023Q3","Inward migration - All","25 - 34 years","United Kingdom of Great Britain and Northern Ireland","Base plus education migration calculation method","Number","443"
"Estimated migration flows","2023Q3","Inward migration - All","25 - 34 years","Brazil","Base migration calculation method","Number","1769"
"Estimated migration flows","2023Q3","Inward migration - All","25 - 34 years","Brazil","Base plus education migration calculation method","Number","1754"
"Estimated migration flows","2023Q3","Inward migration - All","25 - 34 years","India","Base migration calculation method","Number","2356"
"Estimated migration flows","2023Q3","Inward migration - All","25 - 34 years","India","Base plus education migration calculation method","Number","2368"
"Estimated migration flows","2023Q3","Inward migration - All","25 - 34 years","Ukraine","Base migration calculation method","Number","1182"
"Estimated migration flows","2023Q3","Inward migration - All","25 - 34 years","Ukraine","Base plus education migration calculation method","Number","1178"
"Estimated migration flows","2023Q3","Inward migration - All","25 - 34 years","All nationalities","Base migration calculation method","Number","19650"
"Estimated migration flows","2023Q3","Inward migration - All","25 - 34 years","All nationalities","Base plus education migration calculation method","Number","18788"
"Estimated migration flows","2023Q3","Inward migration - All","25 - 34 years","EU14 excl Irl (countries in the EU pre 2004 excluding UK & Ireland)","Base migration calculation method","Number","2168"
"Estimated migration flows","2023Q3","Inward migration - All","25 - 34 years","EU14 excl Irl (countries in the EU pre 2004 excluding UK & Ireland)","Base plus education migration calculation method","Number","2136"
"Estimated migration flows","2023Q3","Inward migration - All","25 - 34 years","EU15 to EU27 (accession countries joined post 2004)","Base migration calculation method","Number","1646"
"Estimated migration flows","2023Q3","Inward migration - All","25 - 34 years","EU15 to EU27 (accession countries joined post 2004)","Base plus education migration calculation method","Number","1616"
"Estimated migration flows","2023Q3","Inward migration - All","25 - 34 years","Other nationalities (3)","Base migration calculation method","Number","5398"
"Estimated migration flows","2023Q3","Inward migration - All","25 - 34 years","Other nationalities (3)","Base plus education migration calculation method","Number","5331"
"Estimated migration flows","2023Q3","Inward migration - All","35 - 44 years","Ireland","Base migration calculation method","Number","2732"
"Estimated migration flows","2023Q3","Inward migration - All","35 - 44 years","Ireland","Base plus education migration calculation method","Number","2589"
"Estimated migration flows","2023Q3","Inward migration - All","35 - 44 years","United Kingdom of Great Britain and Northern Ireland","Base migration calculation method","Number","342"
"Estimated migration flows","2023Q3","Inward migration - All","35 - 44 years","United Kingdom of Great Britain and Northern Ireland","Base plus education migration calculation method","Number","335"
"Estimated migration flows","2023Q3","Inward migration - All","35 - 44 years","Brazil","Base migration calculation method","Number","694"
"Estimated migration flows","2023Q3","Inward migration - All","35 - 44 years","Brazil","Base plus education migration calculation method","Number","689"
"Estimated migration flows","2023Q3","Inward migration - All","35 - 44 years","India","Base migration calculation method","Number","1207"
"Estimated migration flows","2023Q3","Inward migration - All","35 - 44 years","India","Base plus education migration calculation method","Number","1205"
"Estimated migration flows","2023Q3","Inward migration - All","35 - 44 years","Ukraine","Base migration calculation method","Number","1475"
"Estimated migration flows","2023Q3","Inward migration - All","35 - 44 years","Ukraine","Base plus education migration calculation method","Number","1474"
"Estimated migration flows","2023Q3","Inward migration - All","35 - 44 years","All nationalities","Base migration calculation method","Number","11401"
"Estimated migration flows","2023Q3","Inward migration - All","35 - 44 years","All nationalities","Base plus education migration calculation method","Number","11221"
"Estimated migration flows","2023Q3","Inward migration - All","35 - 44 years","EU14 excl Irl (countries in the EU pre 2004 excluding UK & Ireland)","Base migration calculation method","Number","948"
"Estimated migration flows","2023Q3","Inward migration - All","35 - 44 years","EU14 excl Irl (countries in the EU pre 2004 excluding UK & Ireland)","Base plus education migration calculation method","Number","947"
"Estimated migration flows","2023Q3","Inward migration - All","35 - 44 years","EU15 to EU27 (accession countries joined post 2004)","Base migration calculation method","Number","1309"
"Estimated migration flows","2023Q3","Inward migration - All","35 - 44 years","EU15 to EU27 (accession countries joined post 2004)","Base plus education migration calculation method","Number","1293"
"Estimated migration flows","2023Q3","Inward migration - All","35 - 44 years","Other nationalities (3)","Base migration calculation method","Number","2694"
"Estimated migration flows","2023Q3","Inward migration - All","35 - 44 years","Other nationalities (3)","Base plus education migration calculation method","Number","2689"
"Estimated migration flows","2023Q3","Inward migration - All","45 years and over","Ireland","Base migration calculation method","Number","8198"
"Estimated migration flows","2023Q3","Inward migration - All","45 years and over","Ireland","Base plus education migration calculation method","Number","8051"
"Estimated migration flows","2023Q3","Inward migration - All","45 years and over","United Kingdom of Great Britain and Northern Ireland","Base migration calculation method","Number","835"
"Estimated migration flows","2023Q3","Inward migration - All","45 years and over","United Kingdom of Great Britain and Northern Ireland","Base plus education migration calculation method","Number","820"
"Estimated migration flows","2023Q3","Inward migration - All","45 years and over","Brazil","Base migration calculation method","Number","183"
"Estimated migration flows","2023Q3","Inward migration - All","45 years and over","Brazil","Base plus education migration calculation method","Number","183"
"Estimated migration flows","2023Q3","Inward migration - All","45 years and over","India","Base migration calculation method","Number","192"
"Estimated migration flows","2023Q3","Inward migration - All","45 years and over","India","Base plus education migration calculation method","Number","191"
"Estimated migration flows","2023Q3","Inward migration - All","45 years and over","Ukraine","Base migration calculation method","Number","2371"
"Estimated migration flows","2023Q3","Inward migration - All","45 years and over","Ukraine","Base plus education migration calculation method","Number","2370"
"Estimated migration flows","2023Q3","Inward migration - All","45 years and over","All nationalities","Base migration calculation method","Number","15562"
"Estimated migration flows","2023Q3","Inward migration - All","45 years and over","All nationalities","Base plus education migration calculation method","Number","15364"
"Estimated migration flows","2023Q3","Inward migration - All","45 years and over","EU14 excl Irl (countries in the EU pre 2004 excluding UK & Ireland)","Base migration calculation method","Number","775"
"Estimated migration flows","2023Q3","Inward migration - All","45 years and over","EU14 excl Irl (countries in the EU pre 2004 excluding UK & Ireland)","Base plus education migration calculation method","Number","777"
"Estimated migration flows","2023Q3","Inward migration - All","45 years and over","EU15 to EU27 (accession countries joined post 2004)","Base migration calculation method","Number","1207"
"Estimated migration flows","2023Q3","Inward migration - All","45 years and over","EU15 to EU27 (accession countries joined post 2004)","Base plus education migration calculation method","Number","1200"
"Estimated migration flows","2023Q3","Inward migration - All","45 years and over","Other nationalities (3)","Base migration calculation method","Number","1801"
"Estimated migration flows","2023Q3","Inward migration - All","45 years and over","Other nationalities (3)","Base plus education migration calculation method","Number","1772"
"Estimated migration flows","2023Q3","Inward migration - All","All ages","Ireland","Base migration calculation method","Number","22468"
"Estimated migration flows","2023Q3","Inward migration - All","All ages","Ireland","Base plus education migration calculation method","Number","17256"
"Estimated migration flows","2023Q3","Inward migration - All","All ages","United Kingdom of Great Britain and Northern Ireland","Base migration calculation method","Number","2252"
"Estimated migration flows","2023Q3","Inward migration - All","All ages","United Kingdom of Great Britain and Northern Ireland","Base plus education migration calculation method","Number","2179"
"Estimated migration flows","2023Q3","Inward migration - All","All ages","Brazil","Base migration calculation method","Number","3519"
"Estimated migration flows","2023Q3","Inward migration - All","All ages","Brazil","Base plus education migration calculation method","Number","3555"
"Estimated migration flows","2023Q3","Inward migration - All","All ages","India","Base migration calculation method","Number","5785"
"Estimated migration flows","2023Q3","Inward migration - All","All ages","India","Base plus education migration calculation method","Number","5866"
"Estimated migration flows","2023Q3","Inward migration - All","All ages","Ukraine","Base migration calculation method","Number","7729"
"Estimated migration flows","2023Q3","Inward migration - All","All ages","Ukraine","Base plus education migration calculation method","Number","7775"
"Estimated migration flows","2023Q3","Inward migration - All","All ages","All nationalities","Base migration calculation method","Number","69252"
"Estimated migration flows","2023Q3","Inward migration - All","All ages","All nationalities","Base plus education migration calculation method","Number","63709"
"Estimated migration flows","2023Q3","Inward migration - All","All ages","EU14 excl Irl (countries in the EU pre 2004 excluding UK & Ireland)","Base migration calculation method","Number","6595"
"Estimated migration flows","2023Q3","Inward migration - All","All ages","EU14 excl Irl (countries in the EU pre 2004 excluding UK & Ireland)","Base plus education migration calculation method","Number","6695"
"Estimated migration flows","2023Q3","Inward migration - All","All ages","EU15 to EU27 (accession countries joined post 2004)","Base migration calculation method","Number","6930"
"Estimated migration flows","2023Q3","Inward migration - All","All ages","EU15 to EU27 (accession countries joined post 2004)","Base plus education migration calculation method","Number","6744"
"Estimated migration flows","2023Q3","Inward migration - All","All ages","Other nationalities (3)","Base migration calculation method","Number","13974"
"Estimated migration flows","2023Q3","Inward migration - All","All ages","Other nationalities (3)","Base plus education migration calculation method","Number","13639"
"Estimated migration flows","2023Q3","Outward migration","0 - 24 years","Ireland","Base migration calculation method","Number","5586"
"Estimated migration flows","2023Q3","Outward migration","0 - 24 years","Ireland","Base plus education migration calculation method","Number","3142"
"Estimated migration flows","2023Q3","Outward migration","0 - 24 years","United Kingdom of Great Britain and Northern Ireland","Base migration calculation method","Number","212"
"Estimated migration flows","2023Q3","Outward migration","0 - 24 years","United Kingdom of Great Britain and Northern Ireland","Base plus education migration calculation method","Number","151"
"Estimated migration flows","2023Q3","Outward migration","0 - 24 years","Brazil","Base migration calculation method","Number","179"
"Estimated migration flows","2023Q3","Outward migration","0 - 24 years","Brazil","Base plus education migration calculation method","Number","176"
"Estimated migration flows","2023Q3","Outward migration","0 - 24 years","India","Base migration calculation method","Number","56"
"Estimated migration flows","2023Q3","Outward migration","0 - 24 years","India","Base plus education migration calculation method","Number","38"
"Estimated migration flows","2023Q3","Outward migration","0 - 24 years","Ukraine","Base migration calculation method","Number","276"
"Estimated migration flows","2023Q3","Outward migration","0 - 24 years","Ukraine","Base plus education migration calculation method","Number","267"
"Estimated migration flows","2023Q3","Outward migration","0 - 24 years","All nationalities","Base migration calculation method","Number","9295"
"Estimated migration flows","2023Q3","Outward migration","0 - 24 years","All nationalities","Base plus education migration calculation method","Number","6215"
"Estimated migration flows","2023Q3","Outward migration","0 - 24 years","EU14 excl Irl (countries in the EU pre 2004 excluding UK & Ireland)","Base migration calculation method","Number","1036"
"Estimated migration flows","2023Q3","Outward migration","0 - 24 years","EU14 excl Irl (countries in the EU pre 2004 excluding UK & Ireland)","Base plus education migration calculation method","Number","958"
"Estimated migration flows","2023Q3","Outward migration","0 - 24 years","EU15 to EU27 (accession countries joined post 2004)","Base migration calculation method","Number","1042"
"Estimated migration flows","2023Q3","Outward migration","0 - 24 years","EU15 to EU27 (accession countries joined post 2004)","Base plus education migration calculation method","Number","899"
"Estimated migration flows","2023Q3","Outward migration","0 - 24 years","Other nationalities (3)","Base migration calculation method","Number","908"
"Estimated migration flows","2023Q3","Outward migration","0 - 24 years","Other nationalities (3)","Base plus education migration calculation method","Number","584"
"Estimated migration flows","2023Q3","Outward migration","25 - 34 years","Ireland","Base migration calculation method","Number","5995"
"Estimated migration flows","2023Q3","Outward migration","25 - 34 years","Ireland","Base plus education migration calculation method","Number","5606"
"Estimated migration flows","2023Q3","Outward migration","25 - 34 years","United Kingdom of Great Britain and Northern Ireland","Base migration calculation method","Number","346"
"Estimated migration flows","2023Q3","Outward migration","25 - 34 years","United Kingdom of Great Britain and Northern Ireland","Base plus education migration calculation method","Number","339"
"Estimated migration flows","2023Q3","Outward migration","25 - 34 years","Brazil","Base migration calculation method","Number","666"
"Estimated migration flows","2023Q3","Outward migration","25 - 34 years","Brazil","Base plus education migration calculation method","Number","649"
"Estimated migration flows","2023Q3","Outward migration","25 - 34 years","India","Base migration calculation method","Number","450"
"Estimated migration flows","2023Q3","Outward migration","25 - 34 years","India","Base plus education migration calculation method","Number","423"
"Estimated migration flows","2023Q3","Outward migration","25 - 34 years","Ukraine","Base migration calculation method","Number","415"
"Estimated migration flows","2023Q3","Outward migration","25 - 34 years","Ukraine","Base plus education migration calculation method","Number","397"
"Estimated migration flows","2023Q3","Outward migration","25 - 34 years","All nationalities","Base migration calculation method","Number","13302"
"Estimated migration flows","2023Q3","Outward migration","25 - 34 years","All nationalities","Base plus education migration calculation method","Number","12704"
"Estimated migration flows","2023Q3","Outward migration","25 - 34 years","EU14 excl Irl (countries in the EU pre 2004 excluding UK & Ireland)","Base migration calculation method","Number","1987"
"Estimated migration flows","2023Q3","Outward migration","25 - 34 years","EU14 excl Irl (countries in the EU pre 2004 excluding UK & Ireland)","Base plus education migration calculation method","Number","1945"
"Estimated migration flows","2023Q3","Outward migration","25 - 34 years","EU15 to EU27 (accession countries joined post 2004)","Base migration calculation method","Number","1824"
"Estimated migration flows","2023Q3","Outward migration","25 - 34 years","EU15 to EU27 (accession countries joined post 2004)","Base plus education migration calculation method","Number","1794"
"Estimated migration flows","2023Q3","Outward migration","25 - 34 years","Other nationalities (3)","Base migration calculation method","Number","1619"
"Estimated migration flows","2023Q3","Outward migration","25 - 34 years","Other nationalities (3)","Base plus education migration calculation method","Number","1551"
"Estimated migration flows","2023Q3","Outward migration","35 - 44 years","Ireland","Base migration calculation method","Number","2261"
"Estimated migration flows","2023Q3","Outward migration","35 - 44 years","Ireland","Base plus education migration calculation method","Number","2156"
"Estimated migration flows","2023Q3","Outward migration","35 - 44 years","United Kingdom of Great Britain and Northern Ireland","Base migration calculation method","Number","231"
"Estimated migration flows","2023Q3","Outward migration","35 - 44 years","United Kingdom of Great Britain and Northern Ireland","Base plus education migration calculation method","Number","229"
"Estimated migration flows","2023Q3","Outward migration","35 - 44 years","Brazil","Base migration calculation method","Number","319"
"Estimated migration flows","2023Q3","Outward migration","35 - 44 years","Brazil","Base plus education migration calculation method","Number","314"
"Estimated migration flows","2023Q3","Outward migration","35 - 44 years","India","Base migration calculation method","Number","289"
"Estimated migration flows","2023Q3","Outward migration","35 - 44 years","India","Base plus education migration calculation method","Number","277"
"Estimated migration flows","2023Q3","Outward migration","35 - 44 years","Ukraine","Base migration calculation method","Number","427"
"Estimated migration flows","2023Q3","Outward migration","35 - 44 years","Ukraine","Base plus education migration calculation method","Number","409"
"Estimated migration flows","2023Q3","Outward migration","35 - 44 years","All nationalities","Base migration calculation method","Number","6960"
"Estimated migration flows","2023Q3","Outward migration","35 - 44 years","All nationalities","Base plus education migration calculation method","Number","6764"
"Estimated migration flows","2023Q3","Outward migration","35 - 44 years","EU14 excl Irl (countries in the EU pre 2004 excluding UK & Ireland)","Base migration calculation method","Number","744"
"Estimated migration flows","2023Q3","Outward migration","35 - 44 years","EU14 excl Irl (countries in the EU pre 2004 excluding UK & Ireland)","Base plus education migration calculation method","Number","731"
"Estimated migration flows","2023Q3","Outward migration","35 - 44 years","EU15 to EU27 (accession countries joined post 2004)","Base migration calculation method","Number","1768"
"Estimated migration flows","2023Q3","Outward migration","35 - 44 years","EU15 to EU27 (accession countries joined post 2004)","Base plus education migration calculation method","Number","1757"
"Estimated migration flows","2023Q3","Outward migration","35 - 44 years","Other nationalities (3)","Base migration calculation method","Number","921"
"Estimated migration flows","2023Q3","Outward migration","35 - 44 years","Other nationalities (3)","Base plus education migration calculation method","Number","891"
"Estimated migration flows","2023Q3","Outward migration","45 years and over","Ireland","Base migration calculation method","Number","4879"
"Estimated migration flows","2023Q3","Outward migration","45 years and over","Ireland","Base plus education migration calculation method","Number","4784"
"Estimated migration flows","2023Q3","Outward migration","45 years and over","United Kingdom of Great Britain and Northern Ireland","Base migration calculation method","Number","649"
"Estimated migration flows","2023Q3","Outward migration","45 years and over","United Kingdom of Great Britain and Northern Ireland","Base plus education migration calculation method","Number","640"
"Estimated migration flows","2023Q3","Outward migration","45 years and over","Brazil","Base migration calculation method","Number","102"
"Estimated migration flows","2023Q3","Outward migration","45 years and over","Brazil","Base plus education migration calculation method","Number","102"
"Estimated migration flows","2023Q3","Outward migration","45 years and over","India","Base migration calculation method","Number","49"
"Estimated migration flows","2023Q3","Outward migration","45 years and over","India","Base plus education migration calculation method","Number","46"
"Estimated migration flows","2023Q3","Outward migration","45 years and over","Ukraine","Base migration calculation method","Number","655"
"Estimated migration flows","2023Q3","Outward migration","45 years and over","Ukraine","Base plus education migration calculation method","Number","635"
"Estimated migration flows","2023Q3","Outward migration","45 years and over","All nationalities","Base migration calculation method","Number","9312"
"Estimated migration flows","2023Q3","Outward migration","45 years and over","All nationalities","Base plus education migration calculation method","Number","9149"
"Estimated migration flows","2023Q3","Outward migration","45 years and over","EU14 excl Irl (countries in the EU pre 2004 excluding UK & Ireland)","Base migration calculation method","Number","515"
"Estimated migration flows","2023Q3","Outward migration","45 years and over","EU14 excl Irl (countries in the EU pre 2004 excluding UK & Ireland)","Base plus education migration calculation method","Number","508"
"Estimated migration flows","2023Q3","Outward migration","45 years and over","EU15 to EU27 (accession countries joined post 2004)","Base migration calculation method","Number","1506"
"Estimated migration flows","2023Q3","Outward migration","45 years and over","EU15 to EU27 (accession countries joined post 2004)","Base plus education migration calculation method","Number","1494"
"Estimated migration flows","2023Q3","Outward migration","45 years and over","Other nationalities (3)","Base migration calculation method","Number","957"
"Estimated migration flows","2023Q3","Outward migration","45 years and over","Other nationalities (3)","Base plus education migration calculation method","Number","940"
"Estimated migration flows","2023Q3","Outward migration","All ages","Ireland","Base migration calculation method","Number","18721"
"Estimated migration flows","2023Q3","Outward migration","All ages","Ireland","Base plus education migration calculation method","Number","15688"
"Estimated migration flows","2023Q3","Outward migration","All ages","United Kingdom of Great Britain and Northern Ireland","Base migration calculation method","Number","1438"
"Estimated migration flows","2023Q3","Outward migration","All ages","United Kingdom of Great Britain and Northern Ireland","Base plus education migration calculation method","Number","1359"
"Estimated migration flows","2023Q3","Outward migration","All ages","Brazil","Base migration calculation method","Number","1266"
"Estimated migration flows","2023Q3","Outward migration","All ages","Brazil","Base plus education migration calculation method","Number","1241"
"Estimated migration flows","2023Q3","Outward migration","All ages","India","Base migration calculation method","Number","844"
"Estimated migration flows","2023Q3","Outward migration","All ages","India","Base plus education migration calculation method","Number","784"
"Estimated migration flows","2023Q3","Outward migration","All ages","Ukraine","Base migration calculation method","Number","1773"
"Estimated migration flows","2023Q3","Outward migration","All ages","Ukraine","Base plus education migration calculation method","Number","1708"
"Estimated migration flows","2023Q3","Outward migration","All ages","All nationalities","Base migration calculation method","Number","38869"
"Estimated migration flows","2023Q3","Outward migration","All ages","All nationalities","Base plus education migration calculation method","Number","34832"
"Estimated migration flows","2023Q3","Outward migration","All ages","EU14 excl Irl (countries in the EU pre 2004 excluding UK & Ireland)","Base migration calculation method","Number","4282"
"Estimated migration flows","2023Q3","Outward migration","All ages","EU14 excl Irl (countries in the EU pre 2004 excluding UK & Ireland)","Base plus education migration calculation method","Number","4142"
"Estimated migration flows","2023Q3","Outward migration","All ages","EU15 to EU27 (accession countries joined post 2004)","Base migration calculation method","Number","6140"
"Estimated migration flows","2023Q3","Outward migration","All ages","EU15 to EU27 (accession countries joined post 2004)","Base plus education migration calculation method","Number","5944"
"Estimated migration flows","2023Q3","Outward migration","All ages","Other nationalities (3)","Base migration calculation method","Number","4405"
"Estimated migration flows","2023Q3","Outward migration","All ages","Other nationalities (3)","Base plus education migration calculation method","Number","3966"
"Estimated migration flows","2023Q3","Net migration","0 - 24 years","Ireland","Base migration calculation method","Number","1286"
"Estimated migration flows","2023Q3","Net migration","0 - 24 years","Ireland","Base plus education migration calculation method","Number","-488"
"Estimated migration flows","2023Q3","Net migration","0 - 24 years","United Kingdom of Great Britain and Northern Ireland","Base migration calculation method","Number","398"
"Estimated migration flows","2023Q3","Net migration","0 - 24 years","United Kingdom of Great Britain and Northern Ireland","Base plus education migration calculation method","Number","430"
"Estimated migration flows","2023Q3","Net migration","0 - 24 years","Brazil","Base migration calculation method","Number","694"
"Estimated migration flows","2023Q3","Net migration","0 - 24 years","Brazil","Base plus education migration calculation method","Number","753"
"Estimated migration flows","2023Q3","Net migration","0 - 24 years","India","Base migration calculation method","Number","1974"
"Estimated migration flows","2023Q3","Net migration","0 - 24 years","India","Base plus education migration calculation method","Number","2064"
"Estimated migration flows","2023Q3","Net migration","0 - 24 years","Ukraine","Base migration calculation method","Number","2425"
"Estimated migration flows","2023Q3","Net migration","0 - 24 years","Ukraine","Base plus education migration calculation method","Number","2486"
"Estimated migration flows","2023Q3","Net migration","0 - 24 years","All nationalities","Base migration calculation method","Number","13344"
"Estimated migration flows","2023Q3","Net migration","0 - 24 years","All nationalities","Base plus education migration calculation method","Number","12121"
"Estimated migration flows","2023Q3","Net migration","0 - 24 years","EU14 excl Irl (countries in the EU pre 2004 excluding UK & Ireland)","Base migration calculation method","Number","1668"
"Estimated migration flows","2023Q3","Net migration","0 - 24 years","EU14 excl Irl (countries in the EU pre 2004 excluding UK & Ireland)","Base plus education migration calculation method","Number","1877"
"Estimated migration flows","2023Q3","Net migration","0 - 24 years","EU15 to EU27 (accession countries joined post 2004)","Base migration calculation method","Number","1726"
"Estimated migration flows","2023Q3","Net migration","0 - 24 years","EU15 to EU27 (accession countries joined post 2004)","Base plus education migration calculation method","Number","1736"
"Estimated migration flows","2023Q3","Net migration","0 - 24 years","Other nationalities (3)","Base migration calculation method","Number","3173"
"Estimated migration flows","2023Q3","Net migration","0 - 24 years","Other nationalities (3)","Base plus education migration calculation method","Number","3263"
"Estimated migration flows","2023Q3","Net migration","25 - 34 years","Ireland","Base migration calculation method","Number","-1329"
"Estimated migration flows","2023Q3","Net migration","25 - 34 years","Ireland","Base plus education migration calculation method","Number","-1644"
"Estimated migration flows","2023Q3","Net migration","25 - 34 years","United Kingdom of Great Britain and Northern Ireland","Base migration calculation method","Number","119"
"Estimated migration flows","2023Q3","Net migration","25 - 34 years","United Kingdom of Great Britain and Northern Ireland","Base plus education migration calculation method","Number","104"
"Estimated migration flows","2023Q3","Net migration","25 - 34 years","Brazil","Base migration calculation method","Number","1103"
"Estimated migration flows","2023Q3","Net migration","25 - 34 years","Brazil","Base plus education migration calculation method","Number","1105"
"Estimated migration flows","2023Q3","Net migration","25 - 34 years","India","Base migration calculation method","Number","1906"
"Estimated migration flows","2023Q3","Net migration","25 - 34 years","India","Base plus education migration calculation method","Number","1945"
"Estimated migration flows","2023Q3","Net migration","25 - 34 years","Ukraine","Base migration calculation method","Number","767"
"Estimated migration flows","2023Q3","Net migration","25 - 34 years","Ukraine","Base plus education migration calculation method","Number","781"
"Estimated migration flows","2023Q3","Net migration","25 - 34 years","All nationalities","Base migration calculation method","Number","6348"
"Estimated migration flows","2023Q3","Net migration","25 - 34 years","All nationalities","Base plus education migration calculation method","Number","6084"
"Estimated migration flows","2023Q3","Net migration","25 - 34 years","EU14 excl Irl (countries in the EU pre 2004 excluding UK & Ireland)","Base migration calculation method","Number","181"
"Estimated migration flows","2023Q3","Net migration","25 - 34 years","EU14 excl Irl (countries in the EU pre 2004 excluding UK & Ireland)","Base plus education migration calculation method","Number","191"
"Estimated migration flows","2023Q3","Net migration","25 - 34 years","EU15 to EU27 (accession countries joined post 2004)","Base migration calculation method","Number","-178"
"Estimated migration flows","2023Q3","Net migration","25 - 34 years","EU15 to EU27 (accession countries joined post 2004)","Base plus education migration calculation method","Number","-178"
"Estimated migration flows","2023Q3","Net migration","25 - 34 years","Other nationalities (3)","Base migration calculation method","Number","3779"
"Estimated migration flows","2023Q3","Net migration","25 - 34 years","Other nationalities (3)","Base plus education migration calculation method","Number","3780"
"Estimated migration flows","2023Q3","Net migration","35 - 44 years","Ireland","Base migration calculation method","Number","471"
"Estimated migration flows","2023Q3","Net migration","35 - 44 years","Ireland","Base plus education migration calculation method","Number","433"
"Estimated migration flows","2023Q3","Net migration","35 - 44 years","United Kingdom of Great Britain and Northern Ireland","Base migration calculation method","Number","111"
"Estimated migration flows","2023Q3","Net migration","35 - 44 years","United Kingdom of Great Britain and Northern Ireland","Base plus education migration calculation method","Number","106"
"Estimated migration flows","2023Q3","Net migration","35 - 44 years","Brazil","Base migration calculation method","Number","375"
"Estimated migration flows","2023Q3","Net migration","35 - 44 years","Brazil","Base plus education migration calculation method","Number","375"
"Estimated migration flows","2023Q3","Net migration","35 - 44 years","India","Base migration calculation method","Number","918"
"Estimated migration flows","2023Q3","Net migration","35 - 44 years","India","Base plus education migration calculation method","Number","928"
"Estimated migration flows","2023Q3","Net migration","35 - 44 years","Ukraine","Base migration calculation method","Number","1048"
"Estimated migration flows","2023Q3","Net migration","35 - 44 years","Ukraine","Base plus education migration calculation method","Number","1065"
"Estimated migration flows","2023Q3","Net migration","35 - 44 years","All nationalities","Base migration calculation method","Number","4441"
"Estimated migration flows","2023Q3","Net migration","35 - 44 years","All nationalities","Base plus education migration calculation method","Number","4457"
"Estimated migration flows","2023Q3","Net migration","35 - 44 years","EU14 excl Irl (countries in the EU pre 2004 excluding UK & Ireland)","Base migration calculation method","Number","204"
"Estimated migration flows","2023Q3","Net migration","35 - 44 years","EU14 excl Irl (countries in the EU pre 2004 excluding UK & Ireland)","Base plus education migration calculation method","Number","216"
"Estimated migration flows","2023Q3","Net migration","35 - 44 years","EU15 to EU27 (accession countries joined post 2004)","Base migration calculation method","Number","-459"
"Estimated migration flows","2023Q3","Net migration","35 - 44 years","EU15 to EU27 (accession countries joined post 2004)","Base plus education migration calculation method","Number","-464"
"Estimated migration flows","2023Q3","Net migration","35 - 44 years","Other nationalities (3)","Base migration calculation method","Number","1773"
"Estimated migration flows","2023Q3","Net migration","35 - 44 years","Other nationalities (3)","Base plus education migration calculation method","Number","1798"
"Estimated migration flows","2023Q3","Net migration","45 years and over","Ireland","Base migration calculation method","Number","3319"
"Estimated migration flows","2023Q3","Net migration","45 years and over","Ireland","Base plus education migration calculation method","Number","3267"
"Estimated migration flows","2023Q3","Net migration","45 years and over","United Kingdom of Great Britain and Northern Ireland","Base migration calculation method","Number","186"
"Estimated migration flows","2023Q3","Net migration","45 years and over","United Kingdom of Great Britain and Northern Ireland","Base plus education migration calculation method","Number","180"
"Estimated migration flows","2023Q3","Net migration","45 years and over","Brazil","Base migration calculation method","Number","81"
"Estimated migration flows","2023Q3","Net migration","45 years and over","Brazil","Base plus education migration calculation method","Number","81"
"Estimated migration flows","2023Q3","Net migration","45 years and over","India","Base migration calculation method","Number","143"
"Estimated migration flows","2023Q3","Net migration","45 years and over","India","Base plus education migration calculation method","Number","145"
"Estimated migration flows","2023Q3","Net migration","45 years and over","Ukraine","Base migration calculation method","Number","1716"
"Estimated migration flows","2023Q3","Net migration","45 years and over","Ukraine","Base plus education migration calculation method","Number","1735"
"Estimated migration flows","2023Q3","Net migration","45 years and over","All nationalities","Base migration calculation method","Number","6250"
"Estimated migration flows","2023Q3","Net migration","45 years and over","All nationalities","Base plus education migration calculation method","Number","6215"
"Estimated migration flows","2023Q3","Net migration","45 years and over","EU14 excl Irl (countries in the EU pre 2004 excluding UK & Ireland)","Base migration calculation method","Number","260"
"Estimated migration flows","2023Q3","Net migration","45 years and over","EU14 excl Irl (countries in the EU pre 2004 excluding UK & Ireland)","Base plus education migration calculation method","Number","269"
"Estimated migration flows","2023Q3","Net migration","45 years and over","EU15 to EU27 (accession countries joined post 2004)","Base migration calculation method","Number","-299"
"Estimated migration flows","2023Q3","Net migration","45 years and over","EU15 to EU27 (accession countries joined post 2004)","Base plus education migration calculation method","Number","-294"
"Estimated migration flows","2023Q3","Net migration","45 years and over","Other nationalities (3)","Base migration calculation method","Number","844"
"Estimated migration flows","2023Q3","Net migration","45 years and over","Other nationalities (3)","Base plus education migration calculation method","Number","832"
"Estimated migration flows","2023Q3","Net migration","All ages","Ireland","Base migration calculation method","Number","3747"
"Estimated migration flows","2023Q3","Net migration","All ages","Ireland","Base plus education migration calculation method","Number","1568"
"Estimated migration flows","2023Q3","Net migration","All ages","United Kingdom of Great Britain and Northern Ireland","Base migration calculation method","Number","814"
"Estimated migration flows","2023Q3","Net migration","All ages","United Kingdom of Great Britain and Northern Ireland","Base plus education migration calculation method","Number","820"
"Estimated migration flows","2023Q3","Net migration","All ages","Brazil","Base migration calculation method","Number","2253"
"Estimated migration flows","2023Q3","Net migration","All ages","Brazil","Base plus education migration calculation method","Number","2314"
"Estimated migration flows","2023Q3","Net migration","All ages","India","Base migration calculation method","Number","4941"
"Estimated migration flows","2023Q3","Net migration","All ages","India","Base plus education migration calculation method","Number","5082"
"Estimated migration flows","2023Q3","Net migration","All ages","Ukraine","Base migration calculation method","Number","5956"
"Estimated migration flows","2023Q3","Net migration","All ages","Ukraine","Base plus education migration calculation method","Number","6067"
"Estimated migration flows","2023Q3","Net migration","All ages","All nationalities","Base migration calculation method","Number","30383"
"Estimated migration flows","2023Q3","Net migration","All ages","All nationalities","Base plus education migration calculation method","Number","28877"
"Estimated migration flows","2023Q3","Net migration","All ages","EU14 excl Irl (countries in the EU pre 2004 excluding UK & Ireland)","Base migration calculation method","Number","2313"
"Estimated migration flows","2023Q3","Net migration","All ages","EU14 excl Irl (countries in the EU pre 2004 excluding UK & Ireland)","Base plus education migration calculation method","Number","2553"
"Estimated migration flows","2023Q3","Net migration","All ages","EU15 to EU27 (accession countries joined post 2004)","Base migration calculation method","Number","790"
"Estimated migration flows","2023Q3","Net migration","All ages","EU15 to EU27 (accession countries joined post 2004)","Base plus education migration calculation method","Number","800"
"Estimated migration flows","2023Q3","Net migration","All ages","Other nationalities (3)","Base migration calculation method","Number","9569"
"Estimated migration flows","2023Q3","Net migration","All ages","Other nationalities (3)","Base plus education migration calculation method","Number","9673"
"Estimated migration flows","2023Q4","Inward migration - All","0 - 24 years","Ireland","Base migration calculation method","Number","4437"
"Estimated migration flows","2023Q4","Inward migration - All","0 - 24 years","Ireland","Base plus education migration calculation method","Number","3130"
"Estimated migration flows","2023Q4","Inward migration - All","0 - 24 years","United Kingdom of Great Britain and Northern Ireland","Base migration calculation method","Number","404"
"Estimated migration flows","2023Q4","Inward migration - All","0 - 24 years","United Kingdom of Great Britain and Northern Ireland","Base plus education migration calculation method","Number","398"
"Estimated migration flows","2023Q4","Inward migration - All","0 - 24 years","Brazil","Base migration calculation method","Number","621"
"Estimated migration flows","2023Q4","Inward migration - All","0 - 24 years","Brazil","Base plus education migration calculation method","Number","642"
"Estimated migration flows","2023Q4","Inward migration - All","0 - 24 years","India","Base migration calculation method","Number","2242"
"Estimated migration flows","2023Q4","Inward migration - All","0 - 24 years","India","Base plus education migration calculation method","Number","2254"
"Estimated migration flows","2023Q4","Inward migration - All","0 - 24 years","Ukraine","Base migration calculation method","Number","2174"
"Estimated migration flows","2023Q4","Inward migration - All","0 - 24 years","Ukraine","Base plus education migration calculation method","Number","2160"
"Estimated migration flows","2023Q4","Inward migration - All","0 - 24 years","All nationalities","Base migration calculation method","Number","18804"
"Estimated migration flows","2023Q4","Inward migration - All","0 - 24 years","All nationalities","Base plus education migration calculation method","Number","17470"
"Estimated migration flows","2023Q4","Inward migration - All","0 - 24 years","EU14 excl Irl (countries in the EU pre 2004 excluding UK & Ireland)","Base migration calculation method","Number","2874"
"Estimated migration flows","2023Q4","Inward migration - All","0 - 24 years","EU14 excl Irl (countries in the EU pre 2004 excluding UK & Ireland)","Base plus education migration calculation method","Number","2917"
"Estimated migration flows","2023Q4","Inward migration - All","0 - 24 years","EU15 to EU27 (accession countries joined post 2004)","Base migration calculation method","Number","2193"
"Estimated migration flows","2023Q4","Inward migration - All","0 - 24 years","EU15 to EU27 (accession countries joined post 2004)","Base plus education migration calculation method","Number","2186"
"Estimated migration flows","2023Q4","Inward migration - All","0 - 24 years","Other nationalities (3)","Base migration calculation method","Number","3859"
"Estimated migration flows","2023Q4","Inward migration - All","0 - 24 years","Other nationalities (3)","Base plus education migration calculation method","Number","3783"
"Estimated migration flows","2023Q4","Inward migration - All","25 - 34 years","Ireland","Base migration calculation method","Number","4057"
"Estimated migration flows","2023Q4","Inward migration - All","25 - 34 years","Ireland","Base plus education migration calculation method","Number","3746"
"Estimated migration flows","2023Q4","Inward migration - All","25 - 34 years","United Kingdom of Great Britain and Northern Ireland","Base migration calculation method","Number","359"
"Estimated migration flows","2023Q4","Inward migration - All","25 - 34 years","United Kingdom of Great Britain and Northern Ireland","Base plus education migration calculation method","Number","353"
"Estimated migration flows","2023Q4","Inward migration - All","25 - 34 years","Brazil","Base migration calculation method","Number","1205"
"Estimated migration flows","2023Q4","Inward migration - All","25 - 34 years","Brazil","Base plus education migration calculation method","Number","1194"
"Estimated migration flows","2023Q4","Inward migration - All","25 - 34 years","India","Base migration calculation method","Number","3419"
"Estimated migration flows","2023Q4","Inward migration - All","25 - 34 years","India","Base plus education migration calculation method","Number","3390"
"Estimated migration flows","2023Q4","Inward migration - All","25 - 34 years","Ukraine","Base migration calculation method","Number","1116"
"Estimated migration flows","2023Q4","Inward migration - All","25 - 34 years","Ukraine","Base plus education migration calculation method","Number","1116"
"Estimated migration flows","2023Q4","Inward migration - All","25 - 34 years","All nationalities","Base migration calculation method","Number","19716"
"Estimated migration flows","2023Q4","Inward migration - All","25 - 34 years","All nationalities","Base plus education migration calculation method","Number","19257"
"Estimated migration flows","2023Q4","Inward migration - All","25 - 34 years","EU14 excl Irl (countries in the EU pre 2004 excluding UK & Ireland)","Base migration calculation method","Number","2545"
"Estimated migration flows","2023Q4","Inward migration - All","25 - 34 years","EU14 excl Irl (countries in the EU pre 2004 excluding UK & Ireland)","Base plus education migration calculation method","Number","2510"
"Estimated migration flows","2023Q4","Inward migration - All","25 - 34 years","EU15 to EU27 (accession countries joined post 2004)","Base migration calculation method","Number","1613"
"Estimated migration flows","2023Q4","Inward migration - All","25 - 34 years","EU15 to EU27 (accession countries joined post 2004)","Base plus education migration calculation method","Number","1600"
"Estimated migration flows","2023Q4","Inward migration - All","25 - 34 years","Other nationalities (3)","Base migration calculation method","Number","5402"
"Estimated migration flows","2023Q4","Inward migration - All","25 - 34 years","Other nationalities (3)","Base plus education migration calculation method","Number","5348"
"Estimated migration flows","2023Q4","Inward migration - All","35 - 44 years","Ireland","Base migration calculation method","Number","2278"
"Estimated migration flows","2023Q4","Inward migration - All","35 - 44 years","Ireland","Base plus education migration calculation method","Number","2186"
"Estimated migration flows","2023Q4","Inward migration - All","35 - 44 years","United Kingdom of Great Britain and Northern Ireland","Base migration calculation method","Number","297"
"Estimated migration flows","2023Q4","Inward migration - All","35 - 44 years","United Kingdom of Great Britain and Northern Ireland","Base plus education migration calculation method","Number","296"
"Estimated migration flows","2023Q4","Inward migration - All","35 - 44 years","Brazil","Base migration calculation method","Number","541"
"Estimated migration flows","2023Q4","Inward migration - All","35 - 44 years","Brazil","Base plus education migration calculation method","Number","535"
"Estimated migration flows","2023Q4","Inward migration - All","35 - 44 years","India","Base migration calculation method","Number","1325"
"Estimated migration flows","2023Q4","Inward migration - All","35 - 44 years","India","Base plus education migration calculation method","Number","1302"
"Estimated migration flows","2023Q4","Inward migration - All","35 - 44 years","Ukraine","Base migration calculation method","Number","1209"
"Estimated migration flows","2023Q4","Inward migration - All","35 - 44 years","Ukraine","Base plus education migration calculation method","Number","1208"
"Estimated migration flows","2023Q4","Inward migration - All","35 - 44 years","All nationalities","Base migration calculation method","Number","10821"
"Estimated migration flows","2023Q4","Inward migration - All","35 - 44 years","All nationalities","Base plus education migration calculation method","Number","10655"
"Estimated migration flows","2023Q4","Inward migration - All","35 - 44 years","EU14 excl Irl (countries in the EU pre 2004 excluding UK & Ireland)","Base migration calculation method","Number","988"
"Estimated migration flows","2023Q4","Inward migration - All","35 - 44 years","EU14 excl Irl (countries in the EU pre 2004 excluding UK & Ireland)","Base plus education migration calculation method","Number","981"
"Estimated migration flows","2023Q4","Inward migration - All","35 - 44 years","EU15 to EU27 (accession countries joined post 2004)","Base migration calculation method","Number","1313"
"Estimated migration flows","2023Q4","Inward migration - All","35 - 44 years","EU15 to EU27 (accession countries joined post 2004)","Base plus education migration calculation method","Number","1301"
"Estimated migration flows","2023Q4","Inward migration - All","35 - 44 years","Other nationalities (3)","Base migration calculation method","Number","2870"
"Estimated migration flows","2023Q4","Inward migration - All","35 - 44 years","Other nationalities (3)","Base plus education migration calculation method","Number","2846"
"Estimated migration flows","2023Q4","Inward migration - All","45 years and over","Ireland","Base migration calculation method","Number","6057"
"Estimated migration flows","2023Q4","Inward migration - All","45 years and over","Ireland","Base plus education migration calculation method","Number","5946"
"Estimated migration flows","2023Q4","Inward migration - All","45 years and over","United Kingdom of Great Britain and Northern Ireland","Base migration calculation method","Number","824"
"Estimated migration flows","2023Q4","Inward migration - All","45 years and over","United Kingdom of Great Britain and Northern Ireland","Base plus education migration calculation method","Number","813"
"Estimated migration flows","2023Q4","Inward migration - All","45 years and over","Brazil","Base migration calculation method","Number","165"
"Estimated migration flows","2023Q4","Inward migration - All","45 years and over","Brazil","Base plus education migration calculation method","Number","163"
"Estimated migration flows","2023Q4","Inward migration - All","45 years and over","India","Base migration calculation method","Number","183"
"Estimated migration flows","2023Q4","Inward migration - All","45 years and over","India","Base plus education migration calculation method","Number","181"
"Estimated migration flows","2023Q4","Inward migration - All","45 years and over","Ukraine","Base migration calculation method","Number","2663"
"Estimated migration flows","2023Q4","Inward migration - All","45 years and over","Ukraine","Base plus education migration calculation method","Number","2663"
"Estimated migration flows","2023Q4","Inward migration - All","45 years and over","All nationalities","Base migration calculation method","Number","13909"
"Estimated migration flows","2023Q4","Inward migration - All","45 years and over","All nationalities","Base plus education migration calculation method","Number","13749"
"Estimated migration flows","2023Q4","Inward migration - All","45 years and over","EU14 excl Irl (countries in the EU pre 2004 excluding UK & Ireland)","Base migration calculation method","Number","873"
"Estimated migration flows","2023Q4","Inward migration - All","45 years and over","EU14 excl Irl (countries in the EU pre 2004 excluding UK & Ireland)","Base plus education migration calculation method","Number","867"
"Estimated migration flows","2023Q4","Inward migration - All","45 years and over","EU15 to EU27 (accession countries joined post 2004)","Base migration calculation method","Number","1255"
"Estimated migration flows","2023Q4","Inward migration - All","45 years and over","EU15 to EU27 (accession countries joined post 2004)","Base plus education migration calculation method","Number","1252"
"Estimated migration flows","2023Q4","Inward migration - All","45 years and over","Other nationalities (3)","Base migration calculation method","Number","1889"
"Estimated migration flows","2023Q4","Inward migration - All","45 years and over","Other nationalities (3)","Base plus education migration calculation method","Number","1864"
"Estimated migration flows","2023Q4","Inward migration - All","All ages","Ireland","Base migration calculation method","Number","16829"
"Estimated migration flows","2023Q4","Inward migration - All","All ages","Ireland","Base plus education migration calculation method","Number","15008"
"Estimated migration flows","2023Q4","Inward migration - All","All ages","United Kingdom of Great Britain and Northern Ireland","Base migration calculation method","Number","1884"
"Estimated migration flows","2023Q4","Inward migration - All","All ages","United Kingdom of Great Britain and Northern Ireland","Base plus education migration calculation method","Number","1860"
"Estimated migration flows","2023Q4","Inward migration - All","All ages","Brazil","Base migration calculation method","Number","2532"
"Estimated migration flows","2023Q4","Inward migration - All","All ages","Brazil","Base plus education migration calculation method","Number","2534"
"Estimated migration flows","2023Q4","Inward migration - All","All ages","India","Base migration calculation method","Number","7169"
"Estimated migration flows","2023Q4","Inward migration - All","All ages","India","Base plus education migration calculation method","Number","7127"
"Estimated migration flows","2023Q4","Inward migration - All","All ages","Ukraine","Base migration calculation method","Number","7162"
"Estimated migration flows","2023Q4","Inward migration - All","All ages","Ukraine","Base plus education migration calculation method","Number","7147"
"Estimated migration flows","2023Q4","Inward migration - All","All ages","All nationalities","Base migration calculation method","Number","63250"
"Estimated migration flows","2023Q4","Inward migration - All","All ages","All nationalities","Base plus education migration calculation method","Number","61131"
"Estimated migration flows","2023Q4","Inward migration - All","All ages","EU14 excl Irl (countries in the EU pre 2004 excluding UK & Ireland)","Base migration calculation method","Number","7280"
"Estimated migration flows","2023Q4","Inward migration - All","All ages","EU14 excl Irl (countries in the EU pre 2004 excluding UK & Ireland)","Base plus education migration calculation method","Number","7275"
"Estimated migration flows","2023Q4","Inward migration - All","All ages","EU15 to EU27 (accession countries joined post 2004)","Base migration calculation method","Number","6374"
"Estimated migration flows","2023Q4","Inward migration - All","All ages","EU15 to EU27 (accession countries joined post 2004)","Base plus education migration calculation method","Number","6339"
"Estimated migration flows","2023Q4","Inward migration - All","All ages","Other nationalities (3)","Base migration calculation method","Number","14020"
"Estimated migration flows","2023Q4","Inward migration - All","All ages","Other nationalities (3)","Base plus education migration calculation method","Number","13841"
"Estimated migration flows","2023Q4","Outward migration","0 - 24 years","Ireland","Base migration calculation method","Number","18024"
"Estimated migration flows","2023Q4","Outward migration","0 - 24 years","Ireland","Base plus education migration calculation method","Number","4638"
"Estimated migration flows","2023Q4","Outward migration","0 - 24 years","United Kingdom of Great Britain and Northern Ireland","Base migration calculation method","Number","506"
"Estimated migration flows","2023Q4","Outward migration","0 - 24 years","United Kingdom of Great Britain and Northern Ireland","Base plus education migration calculation method","Number","269"
"Estimated migration flows","2023Q4","Outward migration","0 - 24 years","Brazil","Base migration calculation method","Number","232"
"Estimated migration flows","2023Q4","Outward migration","0 - 24 years","Brazil","Base plus education migration calculation method","Number","218"
"Estimated migration flows","2023Q4","Outward migration","0 - 24 years","India","Base migration calculation method","Number","125"
"Estimated migration flows","2023Q4","Outward migration","0 - 24 years","India","Base plus education migration calculation method","Number","70"
"Estimated migration flows","2023Q4","Outward migration","0 - 24 years","Ukraine","Base migration calculation method","Number","385"
"Estimated migration flows","2023Q4","Outward migration","0 - 24 years","Ukraine","Base plus education migration calculation method","Number","327"
"Estimated migration flows","2023Q4","Outward migration","0 - 24 years","All nationalities","Base migration calculation method","Number","24297"
"Estimated migration flows","2023Q4","Outward migration","0 - 24 years","All nationalities","Base plus education migration calculation method","Number","8480"
"Estimated migration flows","2023Q4","Outward migration","0 - 24 years","EU14 excl Irl (countries in the EU pre 2004 excluding UK & Ireland)","Base migration calculation method","Number","1274"
"Estimated migration flows","2023Q4","Outward migration","0 - 24 years","EU14 excl Irl (countries in the EU pre 2004 excluding UK & Ireland)","Base plus education migration calculation method","Number","1110"
"Estimated migration flows","2023Q4","Outward migration","0 - 24 years","EU15 to EU27 (accession countries joined post 2004)","Base migration calculation method","Number","1711"
"Estimated migration flows","2023Q4","Outward migration","0 - 24 years","EU15 to EU27 (accession countries joined post 2004)","Base plus education migration calculation method","Number","1080"
"Estimated migration flows","2023Q4","Outward migration","0 - 24 years","Other nationalities (3)","Base migration calculation method","Number","2040"
"Estimated migration flows","2023Q4","Outward migration","0 - 24 years","Other nationalities (3)","Base plus education migration calculation method","Number","768"
"Estimated migration flows","2023Q4","Outward migration","25 - 34 years","Ireland","Base migration calculation method","Number","7613"
"Estimated migration flows","2023Q4","Outward migration","25 - 34 years","Ireland","Base plus education migration calculation method","Number","6806"
"Estimated migration flows","2023Q4","Outward migration","25 - 34 years","United Kingdom of Great Britain and Northern Ireland","Base migration calculation method","Number","391"
"Estimated migration flows","2023Q4","Outward migration","25 - 34 years","United Kingdom of Great Britain and Northern Ireland","Base plus education migration calculation method","Number","368"
"Estimated migration flows","2023Q4","Outward migration","25 - 34 years","Brazil","Base migration calculation method","Number","785"
"Estimated migration flows","2023Q4","Outward migration","25 - 34 years","Brazil","Base plus education migration calculation method","Number","767"
"Estimated migration flows","2023Q4","Outward migration","25 - 34 years","India","Base migration calculation method","Number","470"
"Estimated migration flows","2023Q4","Outward migration","25 - 34 years","India","Base plus education migration calculation method","Number","428"
"Estimated migration flows","2023Q4","Outward migration","25 - 34 years","Ukraine","Base migration calculation method","Number","521"
"Estimated migration flows","2023Q4","Outward migration","25 - 34 years","Ukraine","Base plus education migration calculation method","Number","485"
"Estimated migration flows","2023Q4","Outward migration","25 - 34 years","All nationalities","Base migration calculation method","Number","15930"
"Estimated migration flows","2023Q4","Outward migration","25 - 34 years","All nationalities","Base plus education migration calculation method","Number","14738"
"Estimated migration flows","2023Q4","Outward migration","25 - 34 years","EU14 excl Irl (countries in the EU pre 2004 excluding UK & Ireland)","Base migration calculation method","Number","2344"
"Estimated migration flows","2023Q4","Outward migration","25 - 34 years","EU14 excl Irl (countries in the EU pre 2004 excluding UK & Ireland)","Base plus education migration calculation method","Number","2267"
"Estimated migration flows","2023Q4","Outward migration","25 - 34 years","EU15 to EU27 (accession countries joined post 2004)","Base migration calculation method","Number","1839"
"Estimated migration flows","2023Q4","Outward migration","25 - 34 years","EU15 to EU27 (accession countries joined post 2004)","Base plus education migration calculation method","Number","1792"
"Estimated migration flows","2023Q4","Outward migration","25 - 34 years","Other nationalities (3)","Base migration calculation method","Number","1967"
"Estimated migration flows","2023Q4","Outward migration","25 - 34 years","Other nationalities (3)","Base plus education migration calculation method","Number","1825"
"Estimated migration flows","2023Q4","Outward migration","35 - 44 years","Ireland","Base migration calculation method","Number","2240"
"Estimated migration flows","2023Q4","Outward migration","35 - 44 years","Ireland","Base plus education migration calculation method","Number","2106"
"Estimated migration flows","2023Q4","Outward migration","35 - 44 years","United Kingdom of Great Britain and Northern Ireland","Base migration calculation method","Number","236"
"Estimated migration flows","2023Q4","Outward migration","35 - 44 years","United Kingdom of Great Britain and Northern Ireland","Base plus education migration calculation method","Number","230"
"Estimated migration flows","2023Q4","Outward migration","35 - 44 years","Brazil","Base migration calculation method","Number","350"
"Estimated migration flows","2023Q4","Outward migration","35 - 44 years","Brazil","Base plus education migration calculation method","Number","339"
"Estimated migration flows","2023Q4","Outward migration","35 - 44 years","India","Base migration calculation method","Number","269"
"Estimated migration flows","2023Q4","Outward migration","35 - 44 years","India","Base plus education migration calculation method","Number","264"
"Estimated migration flows","2023Q4","Outward migration","35 - 44 years","Ukraine","Base migration calculation method","Number","625"
"Estimated migration flows","2023Q4","Outward migration","35 - 44 years","Ukraine","Base plus education migration calculation method","Number","568"
"Estimated migration flows","2023Q4","Outward migration","35 - 44 years","All nationalities","Base migration calculation method","Number","7308"
"Estimated migration flows","2023Q4","Outward migration","35 - 44 years","All nationalities","Base plus education migration calculation method","Number","7001"
"Estimated migration flows","2023Q4","Outward migration","35 - 44 years","EU14 excl Irl (countries in the EU pre 2004 excluding UK & Ireland)","Base migration calculation method","Number","778"
"Estimated migration flows","2023Q4","Outward migration","35 - 44 years","EU14 excl Irl (countries in the EU pre 2004 excluding UK & Ireland)","Base plus education migration calculation method","Number","757"
"Estimated migration flows","2023Q4","Outward migration","35 - 44 years","EU15 to EU27 (accession countries joined post 2004)","Base migration calculation method","Number","1861"
"Estimated migration flows","2023Q4","Outward migration","35 - 44 years","EU15 to EU27 (accession countries joined post 2004)","Base plus education migration calculation method","Number","1827"
"Estimated migration flows","2023Q4","Outward migration","35 - 44 years","Other nationalities (3)","Base migration calculation method","Number","949"
"Estimated migration flows","2023Q4","Outward migration","35 - 44 years","Other nationalities (3)","Base plus education migration calculation method","Number","910"
"Estimated migration flows","2023Q4","Outward migration","45 years and over","Ireland","Base migration calculation method","Number","4077"
"Estimated migration flows","2023Q4","Outward migration","45 years and over","Ireland","Base plus education migration calculation method","Number","3949"
"Estimated migration flows","2023Q4","Outward migration","45 years and over","United Kingdom of Great Britain and Northern Ireland","Base migration calculation method","Number","556"
"Estimated migration flows","2023Q4","Outward migration","45 years and over","United Kingdom of Great Britain and Northern Ireland","Base plus education migration calculation method","Number","545"
"Estimated migration flows","2023Q4","Outward migration","45 years and over","Brazil","Base migration calculation method","Number","97"
"Estimated migration flows","2023Q4","Outward migration","45 years and over","Brazil","Base plus education migration calculation method","Number","92"
"Estimated migration flows","2023Q4","Outward migration","45 years and over","India","Base migration calculation method","Number","45"
"Estimated migration flows","2023Q4","Outward migration","45 years and over","India","Base plus education migration calculation method","Number","43"
"Estimated migration flows","2023Q4","Outward migration","45 years and over","Ukraine","Base migration calculation method","Number","650"
"Estimated migration flows","2023Q4","Outward migration","45 years and over","Ukraine","Base plus education migration calculation method","Number","614"
"Estimated migration flows","2023Q4","Outward migration","45 years and over","All nationalities","Base migration calculation method","Number","8229"
"Estimated migration flows","2023Q4","Outward migration","45 years and over","All nationalities","Base plus education migration calculation method","Number","7993"
"Estimated migration flows","2023Q4","Outward migration","45 years and over","EU14 excl Irl (countries in the EU pre 2004 excluding UK & Ireland)","Base migration calculation method","Number","510"
"Estimated migration flows","2023Q4","Outward migration","45 years and over","EU14 excl Irl (countries in the EU pre 2004 excluding UK & Ireland)","Base plus education migration calculation method","Number","496"
"Estimated migration flows","2023Q4","Outward migration","45 years and over","EU15 to EU27 (accession countries joined post 2004)","Base migration calculation method","Number","1468"
"Estimated migration flows","2023Q4","Outward migration","45 years and over","EU15 to EU27 (accession countries joined post 2004)","Base plus education migration calculation method","Number","1457"
"Estimated migration flows","2023Q4","Outward migration","45 years and over","Other nationalities (3)","Base migration calculation method","Number","826"
"Estimated migration flows","2023Q4","Outward migration","45 years and over","Other nationalities (3)","Base plus education migration calculation method","Number","797"
"Estimated migration flows","2023Q4","Outward migration","All ages","Ireland","Base migration calculation method","Number","31954"
"Estimated migration flows","2023Q4","Outward migration","All ages","Ireland","Base plus education migration calculation method","Number","17499"
"Estimated migration flows","2023Q4","Outward migration","All ages","United Kingdom of Great Britain and Northern Ireland","Base migration calculation method","Number","1689"
"Estimated migration flows","2023Q4","Outward migration","All ages","United Kingdom of Great Britain and Northern Ireland","Base plus education migration calculation method","Number","1412"
"Estimated migration flows","2023Q4","Outward migration","All ages","Brazil","Base migration calculation method","Number","1464"
"Estimated migration flows","2023Q4","Outward migration","All ages","Brazil","Base plus education migration calculation method","Number","1416"
"Estimated migration flows","2023Q4","Outward migration","All ages","India","Base migration calculation method","Number","909"
"Estimated migration flows","2023Q4","Outward migration","All ages","India","Base plus education migration calculation method","Number","805"
"Estimated migration flows","2023Q4","Outward migration","All ages","Ukraine","Base migration calculation method","Number","2181"
"Estimated migration flows","2023Q4","Outward migration","All ages","Ukraine","Base plus education migration calculation method","Number","1994"
"Estimated migration flows","2023Q4","Outward migration","All ages","All nationalities","Base migration calculation method","Number","55764"
"Estimated migration flows","2023Q4","Outward migration","All ages","All nationalities","Base plus education migration calculation method","Number","38212"
"Estimated migration flows","2023Q4","Outward migration","All ages","EU14 excl Irl (countries in the EU pre 2004 excluding UK & Ireland)","Base migration calculation method","Number","4906"
"Estimated migration flows","2023Q4","Outward migration","All ages","EU14 excl Irl (countries in the EU pre 2004 excluding UK & Ireland)","Base plus education migration calculation method","Number","4630"
"Estimated migration flows","2023Q4","Outward migration","All ages","EU15 to EU27 (accession countries joined post 2004)","Base migration calculation method","Number","6879"
"Estimated migration flows","2023Q4","Outward migration","All ages","EU15 to EU27 (accession countries joined post 2004)","Base plus education migration calculation method","Number","6156"
"Estimated migration flows","2023Q4","Outward migration","All ages","Other nationalities (3)","Base migration calculation method","Number","5782"
"Estimated migration flows","2023Q4","Outward migration","All ages","Other nationalities (3)","Base plus education migration calculation method","Number","4300"
"Estimated migration flows","2023Q4","Net migration","0 - 24 years","Ireland","Base migration calculation method","Number","-13587"
"Estimated migration flows","2023Q4","Net migration","0 - 24 years","Ireland","Base plus education migration calculation method","Number","-1508"
"Estimated migration flows","2023Q4","Net migration","0 - 24 years","United Kingdom of Great Britain and Northern Ireland","Base migration calculation method","Number","-102"
"Estimated migration flows","2023Q4","Net migration","0 - 24 years","United Kingdom of Great Britain and Northern Ireland","Base plus education migration calculation method","Number","129"
"Estimated migration flows","2023Q4","Net migration","0 - 24 years","Brazil","Base migration calculation method","Number","389"
"Estimated migration flows","2023Q4","Net migration","0 - 24 years","Brazil","Base plus education migration calculation method","Number","424"
"Estimated migration flows","2023Q4","Net migration","0 - 24 years","India","Base migration calculation method","Number","2117"
"Estimated migration flows","2023Q4","Net migration","0 - 24 years","India","Base plus education migration calculation method","Number","2184"
"Estimated migration flows","2023Q4","Net migration","0 - 24 years","Ukraine","Base migration calculation method","Number","1789"
"Estimated migration flows","2023Q4","Net migration","0 - 24 years","Ukraine","Base plus education migration calculation method","Number","1833"
"Estimated migration flows","2023Q4","Net migration","0 - 24 years","All nationalities","Base migration calculation method","Number","-5493"
"Estimated migration flows","2023Q4","Net migration","0 - 24 years","All nationalities","Base plus education migration calculation method","Number","8990"
"Estimated migration flows","2023Q4","Net migration","0 - 24 years","EU14 excl Irl (countries in the EU pre 2004 excluding UK & Ireland)","Base migration calculation method","Number","1600"
"Estimated migration flows","2023Q4","Net migration","0 - 24 years","EU14 excl Irl (countries in the EU pre 2004 excluding UK & Ireland)","Base plus education migration calculation method","Number","1807"
"Estimated migration flows","2023Q4","Net migration","0 - 24 years","EU15 to EU27 (accession countries joined post 2004)","Base migration calculation method","Number","482"
"Estimated migration flows","2023Q4","Net migration","0 - 24 years","EU15 to EU27 (accession countries joined post 2004)","Base plus education migration calculation method","Number","1106"
"Estimated migration flows","2023Q4","Net migration","0 - 24 years","Other nationalities (3)","Base migration calculation method","Number","1819"
"Estimated migration flows","2023Q4","Net migration","0 - 24 years","Other nationalities (3)","Base plus education migration calculation method","Number","3015"
"Estimated migration flows","2023Q4","Net migration","25 - 34 years","Ireland","Base migration calculation method","Number","-3556"
"Estimated migration flows","2023Q4","Net migration","25 - 34 years","Ireland","Base plus education migration calculation method","Number","-3060"
"Estimated migration flows","2023Q4","Net migration","25 - 34 years","United Kingdom of Great Britain and Northern Ireland","Base migration calculation method","Number","-32"
"Estimated migration flows","2023Q4","Net migration","25 - 34 years","United Kingdom of Great Britain and Northern Ireland","Base plus education migration calculation method","Number","-15"
"Estimated migration flows","2023Q4","Net migration","25 - 34 years","Brazil","Base migration calculation method","Number","420"
"Estimated migration flows","2023Q4","Net migration","25 - 34 years","Brazil","Base plus education migration calculation method","Number","427"
"Estimated migration flows","2023Q4","Net migration","25 - 34 years","India","Base migration calculation method","Number","2949"
"Estimated migration flows","2023Q4","Net migration","25 - 34 years","India","Base plus education migration calculation method","Number","2962"
"Estimated migration flows","2023Q4","Net migration","25 - 34 years","Ukraine","Base migration calculation method","Number","595"
"Estimated migration flows","2023Q4","Net migration","25 - 34 years","Ukraine","Base plus education migration calculation method","Number","631"
"Estimated migration flows","2023Q4","Net migration","25 - 34 years","All nationalities","Base migration calculation method","Number","3786"
"Estimated migration flows","2023Q4","Net migration","25 - 34 years","All nationalities","Base plus education migration calculation method","Number","4519"
"Estimated migration flows","2023Q4","Net migration","25 - 34 years","EU14 excl Irl (countries in the EU pre 2004 excluding UK & Ireland)","Base migration calculation method","Number","201"
"Estimated migration flows","2023Q4","Net migration","25 - 34 years","EU14 excl Irl (countries in the EU pre 2004 excluding UK & Ireland)","Base plus education migration calculation method","Number","243"
"Estimated migration flows","2023Q4","Net migration","25 - 34 years","EU15 to EU27 (accession countries joined post 2004)","Base migration calculation method","Number","-226"
"Estimated migration flows","2023Q4","Net migration","25 - 34 years","EU15 to EU27 (accession countries joined post 2004)","Base plus education migration calculation method","Number","-192"
"Estimated migration flows","2023Q4","Net migration","25 - 34 years","Other nationalities (3)","Base migration calculation method","Number","3435"
"Estimated migration flows","2023Q4","Net migration","25 - 34 years","Other nationalities (3)","Base plus education migration calculation method","Number","3523"
"Estimated migration flows","2023Q4","Net migration","35 - 44 years","Ireland","Base migration calculation method","Number","38"
"Estimated migration flows","2023Q4","Net migration","35 - 44 years","Ireland","Base plus education migration calculation method","Number","80"
"Estimated migration flows","2023Q4","Net migration","35 - 44 years","United Kingdom of Great Britain and Northern Ireland","Base migration calculation method","Number","61"
"Estimated migration flows","2023Q4","Net migration","35 - 44 years","United Kingdom of Great Britain and Northern Ireland","Base plus education migration calculation method","Number","66"
"Estimated migration flows","2023Q4","Net migration","35 - 44 years","Brazil","Base migration calculation method","Number","191"
"Estimated migration flows","2023Q4","Net migration","35 - 44 years","Brazil","Base plus education migration calculation method","Number","196"
"Estimated migration flows","2023Q4","Net migration","35 - 44 years","India","Base migration calculation method","Number","1056"
"Estimated migration flows","2023Q4","Net migration","35 - 44 years","India","Base plus education migration calculation method","Number","1038"
"Estimated migration flows","2023Q4","Net migration","35 - 44 years","Ukraine","Base migration calculation method","Number","584"
"Estimated migration flows","2023Q4","Net migration","35 - 44 years","Ukraine","Base plus education migration calculation method","Number","640"
"Estimated migration flows","2023Q4","Net migration","35 - 44 years","All nationalities","Base migration calculation method","Number","3513"
"Estimated migration flows","2023Q4","Net migration","35 - 44 years","All nationalities","Base plus education migration calculation method","Number","3654"
"Estimated migration flows","2023Q4","Net migration","35 - 44 years","EU14 excl Irl (countries in the EU pre 2004 excluding UK & Ireland)","Base migration calculation method","Number","210"
"Estimated migration flows","2023Q4","Net migration","35 - 44 years","EU14 excl Irl (countries in the EU pre 2004 excluding UK & Ireland)","Base plus education migration calculation method","Number","224"
"Estimated migration flows","2023Q4","Net migration","35 - 44 years","EU15 to EU27 (accession countries joined post 2004)","Base migration calculation method","Number","-548"
"Estimated migration flows","2023Q4","Net migration","35 - 44 years","EU15 to EU27 (accession countries joined post 2004)","Base plus education migration calculation method","Number","-526"
"Estimated migration flows","2023Q4","Net migration","35 - 44 years","Other nationalities (3)","Base migration calculation method","Number","1921"
"Estimated migration flows","2023Q4","Net migration","35 - 44 years","Other nationalities (3)","Base plus education migration calculation method","Number","1936"
"Estimated migration flows","2023Q4","Net migration","45 years and over","Ireland","Base migration calculation method","Number","1980"
"Estimated migration flows","2023Q4","Net migration","45 years and over","Ireland","Base plus education migration calculation method","Number","1997"
"Estimated migration flows","2023Q4","Net migration","45 years and over","United Kingdom of Great Britain and Northern Ireland","Base migration calculation method","Number","268"
"Estimated migration flows","2023Q4","Net migration","45 years and over","United Kingdom of Great Britain and Northern Ireland","Base plus education migration calculation method","Number","268"
"Estimated migration flows","2023Q4","Net migration","45 years and over","Brazil","Base migration calculation method","Number","68"
"Estimated migration flows","2023Q4","Net migration","45 years and over","Brazil","Base plus education migration calculation method","Number","71"
"Estimated migration flows","2023Q4","Net migration","45 years and over","India","Base migration calculation method","Number","138"
"Estimated migration flows","2023Q4","Net migration","45 years and over","India","Base plus education migration calculation method","Number","138"
"Estimated migration flows","2023Q4","Net migration","45 years and over","Ukraine","Base migration calculation method","Number","2013"
"Estimated migration flows","2023Q4","Net migration","45 years and over","Ukraine","Base plus education migration calculation method","Number","2049"
"Estimated migration flows","2023Q4","Net migration","45 years and over","All nationalities","Base migration calculation method","Number","5680"
"Estimated migration flows","2023Q4","Net migration","45 years and over","All nationalities","Base plus education migration calculation method","Number","5756"
"Estimated migration flows","2023Q4","Net migration","45 years and over","EU14 excl Irl (countries in the EU pre 2004 excluding UK & Ireland)","Base migration calculation method","Number","363"
"Estimated migration flows","2023Q4","Net migration","45 years and over","EU14 excl Irl (countries in the EU pre 2004 excluding UK & Ireland)","Base plus education migration calculation method","Number","371"
"Estimated migration flows","2023Q4","Net migration","45 years and over","EU15 to EU27 (accession countries joined post 2004)","Base migration calculation method","Number","-213"
"Estimated migration flows","2023Q4","Net migration","45 years and over","EU15 to EU27 (accession countries joined post 2004)","Base plus education migration calculation method","Number","-205"
"Estimated migration flows","2023Q4","Net migration","45 years and over","Other nationalities (3)","Base migration calculation method","Number","1063"
"Estimated migration flows","2023Q4","Net migration","45 years and over","Other nationalities (3)","Base plus education migration calculation method","Number","1067"
"Estimated migration flows","2023Q4","Net migration","All ages","Ireland","Base migration calculation method","Number","-15125"
"Estimated migration flows","2023Q4","Net migration","All ages","Ireland","Base plus education migration calculation method","Number","-2491"
"Estimated migration flows","2023Q4","Net migration","All ages","United Kingdom of Great Britain and Northern Ireland","Base migration calculation method","Number","195"
"Estimated migration flows","2023Q4","Net migration","All ages","United Kingdom of Great Britain and Northern Ireland","Base plus education migration calculation method","Number","448"
"Estimated migration flows","2023Q4","Net migration","All ages","Brazil","Base migration calculation method","Number","1068"
"Estimated migration flows","2023Q4","Net migration","All ages","Brazil","Base plus education migration calculation method","Number","1118"
"Estimated migration flows","2023Q4","Net migration","All ages","India","Base migration calculation method","Number","6260"
"Estimated migration flows","2023Q4","Net migration","All ages","India","Base plus education migration calculation method","Number","6322"
"Estimated migration flows","2023Q4","Net migration","All ages","Ukraine","Base migration calculation method","Number","4981"
"Estimated migration flows","2023Q4","Net migration","All ages","Ukraine","Base plus education migration calculation method","Number","5153"
"Estimated migration flows","2023Q4","Net migration","All ages","All nationalities","Base migration calculation method","Number","7486"
"Estimated migration flows","2023Q4","Net migration","All ages","All nationalities","Base plus education migration calculation method","Number","22919"
"Estimated migration flows","2023Q4","Net migration","All ages","EU14 excl Irl (countries in the EU pre 2004 excluding UK & Ireland)","Base migration calculation method","Number","2374"
"Estimated migration flows","2023Q4","Net migration","All ages","EU14 excl Irl (countries in the EU pre 2004 excluding UK & Ireland)","Base plus education migration calculation method","Number","2645"
"Estimated migration flows","2023Q4","Net migration","All ages","EU15 to EU27 (accession countries joined post 2004)","Base migration calculation method","Number","-505"
"Estimated migration flows","2023Q4","Net migration","All ages","EU15 to EU27 (accession countries joined post 2004)","Base plus education migration calculation method","Number","183"
"Estimated migration flows","2023Q4","Net migration","All ages","Other nationalities (3)","Base migration calculation method","Number","8238"
"Estimated migration flows","2023Q4","Net migration","All ages","Other nationalities (3)","Base plus education migration calculation method","Number","9541"
"Estimated migration flows","2024Q1","Inward migration - All","0 - 24 years","Ireland","Base migration calculation method","Number","4335"
"Estimated migration flows","2024Q1","Inward migration - All","0 - 24 years","Ireland","Base plus education migration calculation method","Number","2414"
"Estimated migration flows","2024Q1","Inward migration - All","0 - 24 years","United Kingdom of Great Britain and Northern Ireland","Base migration calculation method","Number","349"
"Estimated migration flows","2024Q1","Inward migration - All","0 - 24 years","United Kingdom of Great Britain and Northern Ireland","Base plus education migration calculation method","Number","303"
"Estimated migration flows","2024Q1","Inward migration - All","0 - 24 years","Brazil","Base migration calculation method","Number","520"
"Estimated migration flows","2024Q1","Inward migration - All","0 - 24 years","Brazil","Base plus education migration calculation method","Number","525"
"Estimated migration flows","2024Q1","Inward migration - All","0 - 24 years","India","Base migration calculation method","Number","1775"
"Estimated migration flows","2024Q1","Inward migration - All","0 - 24 years","India","Base plus education migration calculation method","Number","1762"
"Estimated migration flows","2024Q1","Inward migration - All","0 - 24 years","Ukraine","Base migration calculation method","Number","1030"
"Estimated migration flows","2024Q1","Inward migration - All","0 - 24 years","Ukraine","Base plus education migration calculation method","Number","1021"
"Estimated migration flows","2024Q1","Inward migration - All","0 - 24 years","All nationalities","Base migration calculation method","Number","15922"
"Estimated migration flows","2024Q1","Inward migration - All","0 - 24 years","All nationalities","Base plus education migration calculation method","Number","13417"
"Estimated migration flows","2024Q1","Inward migration - All","0 - 24 years","EU14 excl Irl (countries in the EU pre 2004 excluding UK & Ireland)","Base migration calculation method","Number","2360"
"Estimated migration flows","2024Q1","Inward migration - All","0 - 24 years","EU14 excl Irl (countries in the EU pre 2004 excluding UK & Ireland)","Base plus education migration calculation method","Number","2299"
"Estimated migration flows","2024Q1","Inward migration - All","0 - 24 years","EU15 to EU27 (accession countries joined post 2004)","Base migration calculation method","Number","1711"
"Estimated migration flows","2024Q1","Inward migration - All","0 - 24 years","EU15 to EU27 (accession countries joined post 2004)","Base plus education migration calculation method","Number","1579"
"Estimated migration flows","2024Q1","Inward migration - All","0 - 24 years","Other nationalities (3)","Base migration calculation method","Number","3842"
"Estimated migration flows","2024Q1","Inward migration - All","0 - 24 years","Other nationalities (3)","Base plus education migration calculation method","Number","3514"
"Estimated migration flows","2024Q1","Inward migration - All","25 - 34 years","Ireland","Base migration calculation method","Number","4266"
"Estimated migration flows","2024Q1","Inward migration - All","25 - 34 years","Ireland","Base plus education migration calculation method","Number","3989"
"Estimated migration flows","2024Q1","Inward migration - All","25 - 34 years","United Kingdom of Great Britain and Northern Ireland","Base migration calculation method","Number","389"
"Estimated migration flows","2024Q1","Inward migration - All","25 - 34 years","United Kingdom of Great Britain and Northern Ireland","Base plus education migration calculation method","Number","381"
"Estimated migration flows","2024Q1","Inward migration - All","25 - 34 years","Brazil","Base migration calculation method","Number","985"
"Estimated migration flows","2024Q1","Inward migration - All","25 - 34 years","Brazil","Base plus education migration calculation method","Number","976"
"Estimated migration flows","2024Q1","Inward migration - All","25 - 34 years","India","Base migration calculation method","Number","2493"
"Estimated migration flows","2024Q1","Inward migration - All","25 - 34 years","India","Base plus education migration calculation method","Number","2455"
"Estimated migration flows","2024Q1","Inward migration - All","25 - 34 years","Ukraine","Base migration calculation method","Number","606"
"Estimated migration flows","2024Q1","Inward migration - All","25 - 34 years","Ukraine","Base plus education migration calculation method","Number","605"
"Estimated migration flows","2024Q1","Inward migration - All","25 - 34 years","All nationalities","Base migration calculation method","Number","17640"
"Estimated migration flows","2024Q1","Inward migration - All","25 - 34 years","All nationalities","Base plus education migration calculation method","Number","17163"
"Estimated migration flows","2024Q1","Inward migration - All","25 - 34 years","EU14 excl Irl (countries in the EU pre 2004 excluding UK & Ireland)","Base migration calculation method","Number","2258"
"Estimated migration flows","2024Q1","Inward migration - All","25 - 34 years","EU14 excl Irl (countries in the EU pre 2004 excluding UK & Ireland)","Base plus education migration calculation method","Number","2213"
"Estimated migration flows","2024Q1","Inward migration - All","25 - 34 years","EU15 to EU27 (accession countries joined post 2004)","Base migration calculation method","Number","1642"
"Estimated migration flows","2024Q1","Inward migration - All","25 - 34 years","EU15 to EU27 (accession countries joined post 2004)","Base plus education migration calculation method","Number","1624"
"Estimated migration flows","2024Q1","Inward migration - All","25 - 34 years","Other nationalities (3)","Base migration calculation method","Number","5001"
"Estimated migration flows","2024Q1","Inward migration - All","25 - 34 years","Other nationalities (3)","Base plus education migration calculation method","Number","4920"
"Estimated migration flows","2024Q1","Inward migration - All","35 - 44 years","Ireland","Base migration calculation method","Number","2365"
"Estimated migration flows","2024Q1","Inward migration - All","35 - 44 years","Ireland","Base plus education migration calculation method","Number","2247"
"Estimated migration flows","2024Q1","Inward migration - All","35 - 44 years","United Kingdom of Great Britain and Northern Ireland","Base migration calculation method","Number","284"
"Estimated migration flows","2024Q1","Inward migration - All","35 - 44 years","United Kingdom of Great Britain and Northern Ireland","Base plus education migration calculation method","Number","277"
"Estimated migration flows","2024Q1","Inward migration - All","35 - 44 years","Brazil","Base migration calculation method","Number","464"
"Estimated migration flows","2024Q1","Inward migration - All","35 - 44 years","Brazil","Base plus education migration calculation method","Number","458"
"Estimated migration flows","2024Q1","Inward migration - All","35 - 44 years","India","Base migration calculation method","Number","1031"
"Estimated migration flows","2024Q1","Inward migration - All","35 - 44 years","India","Base plus education migration calculation method","Number","1018"
"Estimated migration flows","2024Q1","Inward migration - All","35 - 44 years","Ukraine","Base migration calculation method","Number","557"
"Estimated migration flows","2024Q1","Inward migration - All","35 - 44 years","Ukraine","Base plus education migration calculation method","Number","556"
"Estimated migration flows","2024Q1","Inward migration - All","35 - 44 years","All nationalities","Base migration calculation method","Number","9634"
"Estimated migration flows","2024Q1","Inward migration - All","35 - 44 years","All nationalities","Base plus education migration calculation method","Number","9425"
"Estimated migration flows","2024Q1","Inward migration - All","35 - 44 years","EU14 excl Irl (countries in the EU pre 2004 excluding UK & Ireland)","Base migration calculation method","Number","864"
"Estimated migration flows","2024Q1","Inward migration - All","35 - 44 years","EU14 excl Irl (countries in the EU pre 2004 excluding UK & Ireland)","Base plus education migration calculation method","Number","857"
"Estimated migration flows","2024Q1","Inward migration - All","35 - 44 years","EU15 to EU27 (accession countries joined post 2004)","Base migration calculation method","Number","1316"
"Estimated migration flows","2024Q1","Inward migration - All","35 - 44 years","EU15 to EU27 (accession countries joined post 2004)","Base plus education migration calculation method","Number","1299"
"Estimated migration flows","2024Q1","Inward migration - All","35 - 44 years","Other nationalities (3)","Base migration calculation method","Number","2753"
"Estimated migration flows","2024Q1","Inward migration - All","35 - 44 years","Other nationalities (3)","Base plus education migration calculation method","Number","2713"
"Estimated migration flows","2024Q1","Inward migration - All","45 years and over","Ireland","Base migration calculation method","Number","5649"
"Estimated migration flows","2024Q1","Inward migration - All","45 years and over","Ireland","Base plus education migration calculation method","Number","5543"
"Estimated migration flows","2024Q1","Inward migration - All","45 years and over","United Kingdom of Great Britain and Northern Ireland","Base migration calculation method","Number","755"
"Estimated migration flows","2024Q1","Inward migration - All","45 years and over","United Kingdom of Great Britain and Northern Ireland","Base plus education migration calculation method","Number","747"
"Estimated migration flows","2024Q1","Inward migration - All","45 years and over","Brazil","Base migration calculation method","Number","155"
"Estimated migration flows","2024Q1","Inward migration - All","45 years and over","Brazil","Base plus education migration calculation method","Number","152"
"Estimated migration flows","2024Q1","Inward migration - All","45 years and over","India","Base migration calculation method","Number","174"
"Estimated migration flows","2024Q1","Inward migration - All","45 years and over","India","Base plus education migration calculation method","Number","174"
"Estimated migration flows","2024Q1","Inward migration - All","45 years and over","Ukraine","Base migration calculation method","Number","899"
"Estimated migration flows","2024Q1","Inward migration - All","45 years and over","Ukraine","Base plus education migration calculation method","Number","900"
"Estimated migration flows","2024Q1","Inward migration - All","45 years and over","All nationalities","Base migration calculation method","Number","11426"
"Estimated migration flows","2024Q1","Inward migration - All","45 years and over","All nationalities","Base plus education migration calculation method","Number","11285"
"Estimated migration flows","2024Q1","Inward migration - All","45 years and over","EU14 excl Irl (countries in the EU pre 2004 excluding UK & Ireland)","Base migration calculation method","Number","720"
"Estimated migration flows","2024Q1","Inward migration - All","45 years and over","EU14 excl Irl (countries in the EU pre 2004 excluding UK & Ireland)","Base plus education migration calculation method","Number","716"
"Estimated migration flows","2024Q1","Inward migration - All","45 years and over","EU15 to EU27 (accession countries joined post 2004)","Base migration calculation method","Number","1217"
"Estimated migration flows","2024Q1","Inward migration - All","45 years and over","EU15 to EU27 (accession countries joined post 2004)","Base plus education migration calculation method","Number","1214"
"Estimated migration flows","2024Q1","Inward migration - All","45 years and over","Other nationalities (3)","Base migration calculation method","Number","1857"
"Estimated migration flows","2024Q1","Inward migration - All","45 years and over","Other nationalities (3)","Base plus education migration calculation method","Number","1839"
"Estimated migration flows","2024Q1","Inward migration - All","All ages","Ireland","Base migration calculation method","Number","16615"
"Estimated migration flows","2024Q1","Inward migration - All","All ages","Ireland","Base plus education migration calculation method","Number","14193"
"Estimated migration flows","2024Q1","Inward migration - All","All ages","United Kingdom of Great Britain and Northern Ireland","Base migration calculation method","Number","1777"
"Estimated migration flows","2024Q1","Inward migration - All","All ages","United Kingdom of Great Britain and Northern Ireland","Base plus education migration calculation method","Number","1708"
"Estimated migration flows","2024Q1","Inward migration - All","All ages","Brazil","Base migration calculation method","Number","2124"
"Estimated migration flows","2024Q1","Inward migration - All","All ages","Brazil","Base plus education migration calculation method","Number","2111"
"Estimated migration flows","2024Q1","Inward migration - All","All ages","India","Base migration calculation method","Number","5473"
"Estimated migration flows","2024Q1","Inward migration - All","All ages","India","Base plus education migration calculation method","Number","5409"
"Estimated migration flows","2024Q1","Inward migration - All","All ages","Ukraine","Base migration calculation method","Number","3092"
"Estimated migration flows","2024Q1","Inward migration - All","All ages","Ukraine","Base plus education migration calculation method","Number","3082"
"Estimated migration flows","2024Q1","Inward migration - All","All ages","All nationalities","Base migration calculation method","Number","54622"
"Estimated migration flows","2024Q1","Inward migration - All","All ages","All nationalities","Base plus education migration calculation method","Number","51290"
"Estimated migration flows","2024Q1","Inward migration - All","All ages","EU14 excl Irl (countries in the EU pre 2004 excluding UK & Ireland)","Base migration calculation method","Number","6202"
"Estimated migration flows","2024Q1","Inward migration - All","All ages","EU14 excl Irl (countries in the EU pre 2004 excluding UK & Ireland)","Base plus education migration calculation method","Number","6085"
"Estimated migration flows","2024Q1","Inward migration - All","All ages","EU15 to EU27 (accession countries joined post 2004)","Base migration calculation method","Number","5886"
"Estimated migration flows","2024Q1","Inward migration - All","All ages","EU15 to EU27 (accession countries joined post 2004)","Base plus education migration calculation method","Number","5716"
"Estimated migration flows","2024Q1","Inward migration - All","All ages","Other nationalities (3)","Base migration calculation method","Number","13453"
"Estimated migration flows","2024Q1","Inward migration - All","All ages","Other nationalities (3)","Base plus education migration calculation method","Number","12986"
"Estimated migration flows","2024Q1","Outward migration","0 - 24 years","Ireland","Base migration calculation method","Number","9119"
"Estimated migration flows","2024Q1","Outward migration","0 - 24 years","Ireland","Base plus education migration calculation method","Number","3317"
"Estimated migration flows","2024Q1","Outward migration","0 - 24 years","United Kingdom of Great Britain and Northern Ireland","Base migration calculation method","Number","281"
"Estimated migration flows","2024Q1","Outward migration","0 - 24 years","United Kingdom of Great Britain and Northern Ireland","Base plus education migration calculation method","Number","171"
"Estimated migration flows","2024Q1","Outward migration","0 - 24 years","Brazil","Base migration calculation method","Number","274"
"Estimated migration flows","2024Q1","Outward migration","0 - 24 years","Brazil","Base plus education migration calculation method","Number","264"
"Estimated migration flows","2024Q1","Outward migration","0 - 24 years","India","Base migration calculation method","Number","72"
"Estimated migration flows","2024Q1","Outward migration","0 - 24 years","India","Base plus education migration calculation method","Number","44"
"Estimated migration flows","2024Q1","Outward migration","0 - 24 years","Ukraine","Base migration calculation method","Number","330"
"Estimated migration flows","2024Q1","Outward migration","0 - 24 years","Ukraine","Base plus education migration calculation method","Number","283"
"Estimated migration flows","2024Q1","Outward migration","0 - 24 years","All nationalities","Base migration calculation method","Number","13023"
"Estimated migration flows","2024Q1","Outward migration","0 - 24 years","All nationalities","Base plus education migration calculation method","Number","6299"
"Estimated migration flows","2024Q1","Outward migration","0 - 24 years","EU14 excl Irl (countries in the EU pre 2004 excluding UK & Ireland)","Base migration calculation method","Number","757"
"Estimated migration flows","2024Q1","Outward migration","0 - 24 years","EU14 excl Irl (countries in the EU pre 2004 excluding UK & Ireland)","Base plus education migration calculation method","Number","691"
"Estimated migration flows","2024Q1","Outward migration","0 - 24 years","EU15 to EU27 (accession countries joined post 2004)","Base migration calculation method","Number","1100"
"Estimated migration flows","2024Q1","Outward migration","0 - 24 years","EU15 to EU27 (accession countries joined post 2004)","Base plus education migration calculation method","Number","876"
"Estimated migration flows","2024Q1","Outward migration","0 - 24 years","Other nationalities (3)","Base migration calculation method","Number","1090"
"Estimated migration flows","2024Q1","Outward migration","0 - 24 years","Other nationalities (3)","Base plus education migration calculation method","Number","653"
"Estimated migration flows","2024Q1","Outward migration","25 - 34 years","Ireland","Base migration calculation method","Number","6608"
"Estimated migration flows","2024Q1","Outward migration","25 - 34 years","Ireland","Base plus education migration calculation method","Number","6096"
"Estimated migration flows","2024Q1","Outward migration","25 - 34 years","United Kingdom of Great Britain and Northern Ireland","Base migration calculation method","Number","350"
"Estimated migration flows","2024Q1","Outward migration","25 - 34 years","United Kingdom of Great Britain and Northern Ireland","Base plus education migration calculation method","Number","332"
"Estimated migration flows","2024Q1","Outward migration","25 - 34 years","Brazil","Base migration calculation method","Number","1063"
"Estimated migration flows","2024Q1","Outward migration","25 - 34 years","Brazil","Base plus education migration calculation method","Number","1035"
"Estimated migration flows","2024Q1","Outward migration","25 - 34 years","India","Base migration calculation method","Number","538"
"Estimated migration flows","2024Q1","Outward migration","25 - 34 years","India","Base plus education migration calculation method","Number","488"
"Estimated migration flows","2024Q1","Outward migration","25 - 34 years","Ukraine","Base migration calculation method","Number","384"
"Estimated migration flows","2024Q1","Outward migration","25 - 34 years","Ukraine","Base plus education migration calculation method","Number","358"
"Estimated migration flows","2024Q1","Outward migration","25 - 34 years","All nationalities","Base migration calculation method","Number","14787"
"Estimated migration flows","2024Q1","Outward migration","25 - 34 years","All nationalities","Base plus education migration calculation method","Number","13996"
"Estimated migration flows","2024Q1","Outward migration","25 - 34 years","EU14 excl Irl (countries in the EU pre 2004 excluding UK & Ireland)","Base migration calculation method","Number","2074"
"Estimated migration flows","2024Q1","Outward migration","25 - 34 years","EU14 excl Irl (countries in the EU pre 2004 excluding UK & Ireland)","Base plus education migration calculation method","Number","2037"
"Estimated migration flows","2024Q1","Outward migration","25 - 34 years","EU15 to EU27 (accession countries joined post 2004)","Base migration calculation method","Number","1759"
"Estimated migration flows","2024Q1","Outward migration","25 - 34 years","EU15 to EU27 (accession countries joined post 2004)","Base plus education migration calculation method","Number","1724"
"Estimated migration flows","2024Q1","Outward migration","25 - 34 years","Other nationalities (3)","Base migration calculation method","Number","2011"
"Estimated migration flows","2024Q1","Outward migration","25 - 34 years","Other nationalities (3)","Base plus education migration calculation method","Number","1926"
"Estimated migration flows","2024Q1","Outward migration","35 - 44 years","Ireland","Base migration calculation method","Number","2186"
"Estimated migration flows","2024Q1","Outward migration","35 - 44 years","Ireland","Base plus education migration calculation method","Number","2080"
"Estimated migration flows","2024Q1","Outward migration","35 - 44 years","United Kingdom of Great Britain and Northern Ireland","Base migration calculation method","Number","181"
"Estimated migration flows","2024Q1","Outward migration","35 - 44 years","United Kingdom of Great Britain and Northern Ireland","Base plus education migration calculation method","Number","171"
"Estimated migration flows","2024Q1","Outward migration","35 - 44 years","Brazil","Base migration calculation method","Number","476"
"Estimated migration flows","2024Q1","Outward migration","35 - 44 years","Brazil","Base plus education migration calculation method","Number","463"
"Estimated migration flows","2024Q1","Outward migration","35 - 44 years","India","Base migration calculation method","Number","323"
"Estimated migration flows","2024Q1","Outward migration","35 - 44 years","India","Base plus education migration calculation method","Number","307"
"Estimated migration flows","2024Q1","Outward migration","35 - 44 years","Ukraine","Base migration calculation method","Number","447"
"Estimated migration flows","2024Q1","Outward migration","35 - 44 years","Ukraine","Base plus education migration calculation method","Number","401"
"Estimated migration flows","2024Q1","Outward migration","35 - 44 years","All nationalities","Base migration calculation method","Number","7356"
"Estimated migration flows","2024Q1","Outward migration","35 - 44 years","All nationalities","Base plus education migration calculation method","Number","7086"
"Estimated migration flows","2024Q1","Outward migration","35 - 44 years","EU14 excl Irl (countries in the EU pre 2004 excluding UK & Ireland)","Base migration calculation method","Number","791"
"Estimated migration flows","2024Q1","Outward migration","35 - 44 years","EU14 excl Irl (countries in the EU pre 2004 excluding UK & Ireland)","Base plus education migration calculation method","Number","775"
"Estimated migration flows","2024Q1","Outward migration","35 - 44 years","EU15 to EU27 (accession countries joined post 2004)","Base migration calculation method","Number","1918"
"Estimated migration flows","2024Q1","Outward migration","35 - 44 years","EU15 to EU27 (accession countries joined post 2004)","Base plus education migration calculation method","Number","1897"
"Estimated migration flows","2024Q1","Outward migration","35 - 44 years","Other nationalities (3)","Base migration calculation method","Number","1034"
"Estimated migration flows","2024Q1","Outward migration","35 - 44 years","Other nationalities (3)","Base plus education migration calculation method","Number","992"
"Estimated migration flows","2024Q1","Outward migration","45 years and over","Ireland","Base migration calculation method","Number","3947"
"Estimated migration flows","2024Q1","Outward migration","45 years and over","Ireland","Base plus education migration calculation method","Number","3846"
"Estimated migration flows","2024Q1","Outward migration","45 years and over","United Kingdom of Great Britain and Northern Ireland","Base migration calculation method","Number","591"
"Estimated migration flows","2024Q1","Outward migration","45 years and over","United Kingdom of Great Britain and Northern Ireland","Base plus education migration calculation method","Number","579"
"Estimated migration flows","2024Q1","Outward migration","45 years and over","Brazil","Base migration calculation method","Number","137"
"Estimated migration flows","2024Q1","Outward migration","45 years and over","Brazil","Base plus education migration calculation method","Number","136"
"Estimated migration flows","2024Q1","Outward migration","45 years and over","India","Base migration calculation method","Number","68"
"Estimated migration flows","2024Q1","Outward migration","45 years and over","India","Base plus education migration calculation method","Number","68"
"Estimated migration flows","2024Q1","Outward migration","45 years and over","Ukraine","Base migration calculation method","Number","644"
"Estimated migration flows","2024Q1","Outward migration","45 years and over","Ukraine","Base plus education migration calculation method","Number","607"
"Estimated migration flows","2024Q1","Outward migration","45 years and over","All nationalities","Base migration calculation method","Number","8405"
"Estimated migration flows","2024Q1","Outward migration","45 years and over","All nationalities","Base plus education migration calculation method","Number","8221"
"Estimated migration flows","2024Q1","Outward migration","45 years and over","EU14 excl Irl (countries in the EU pre 2004 excluding UK & Ireland)","Base migration calculation method","Number","537"
"Estimated migration flows","2024Q1","Outward migration","45 years and over","EU14 excl Irl (countries in the EU pre 2004 excluding UK & Ireland)","Base plus education migration calculation method","Number","531"
"Estimated migration flows","2024Q1","Outward migration","45 years and over","EU15 to EU27 (accession countries joined post 2004)","Base migration calculation method","Number","1469"
"Estimated migration flows","2024Q1","Outward migration","45 years and over","EU15 to EU27 (accession countries joined post 2004)","Base plus education migration calculation method","Number","1457"
"Estimated migration flows","2024Q1","Outward migration","45 years and over","Other nationalities (3)","Base migration calculation method","Number","1012"
"Estimated migration flows","2024Q1","Outward migration","45 years and over","Other nationalities (3)","Base plus education migration calculation method","Number","997"
"Estimated migration flows","2024Q1","Outward migration","All ages","Ireland","Base migration calculation method","Number","21860"
"Estimated migration flows","2024Q1","Outward migration","All ages","Ireland","Base plus education migration calculation method","Number","15339"
"Estimated migration flows","2024Q1","Outward migration","All ages","United Kingdom of Great Britain and Northern Ireland","Base migration calculation method","Number","1403"
"Estimated migration flows","2024Q1","Outward migration","All ages","United Kingdom of Great Britain and Northern Ireland","Base plus education migration calculation method","Number","1253"
"Estimated migration flows","2024Q1","Outward migration","All ages","Brazil","Base migration calculation method","Number","1950"
"Estimated migration flows","2024Q1","Outward migration","All ages","Brazil","Base plus education migration calculation method","Number","1898"
"Estimated migration flows","2024Q1","Outward migration","All ages","India","Base migration calculation method","Number","1001"
"Estimated migration flows","2024Q1","Outward migration","All ages","India","Base plus education migration calculation method","Number","907"
"Estimated migration flows","2024Q1","Outward migration","All ages","Ukraine","Base migration calculation method","Number","1805"
"Estimated migration flows","2024Q1","Outward migration","All ages","Ukraine","Base plus education migration calculation method","Number","1649"
"Estimated migration flows","2024Q1","Outward migration","All ages","All nationalities","Base migration calculation method","Number","43571"
"Estimated migration flows","2024Q1","Outward migration","All ages","All nationalities","Base plus education migration calculation method","Number","35602"
"Estimated migration flows","2024Q1","Outward migration","All ages","EU14 excl Irl (countries in the EU pre 2004 excluding UK & Ireland)","Base migration calculation method","Number","4159"
"Estimated migration flows","2024Q1","Outward migration","All ages","EU14 excl Irl (countries in the EU pre 2004 excluding UK & Ireland)","Base plus education migration calculation method","Number","4034"
"Estimated migration flows","2024Q1","Outward migration","All ages","EU15 to EU27 (accession countries joined post 2004)","Base migration calculation method","Number","6246"
"Estimated migration flows","2024Q1","Outward migration","All ages","EU15 to EU27 (accession countries joined post 2004)","Base plus education migration calculation method","Number","5954"
"Estimated migration flows","2024Q1","Outward migration","All ages","Other nationalities (3)","Base migration calculation method","Number","5147"
"Estimated migration flows","2024Q1","Outward migration","All ages","Other nationalities (3)","Base plus education migration calculation method","Number","4568"
"Estimated migration flows","2024Q1","Net migration","0 - 24 years","Ireland","Base migration calculation method","Number","-4784"
"Estimated migration flows","2024Q1","Net migration","0 - 24 years","Ireland","Base plus education migration calculation method","Number","-903"
"Estimated migration flows","2024Q1","Net migration","0 - 24 years","United Kingdom of Great Britain and Northern Ireland","Base migration calculation method","Number","68"
"Estimated migration flows","2024Q1","Net migration","0 - 24 years","United Kingdom of Great Britain and Northern Ireland","Base plus education migration calculation method","Number","132"
"Estimated migration flows","2024Q1","Net migration","0 - 24 years","Brazil","Base migration calculation method","Number","246"
"Estimated migration flows","2024Q1","Net migration","0 - 24 years","Brazil","Base plus education migration calculation method","Number","261"
"Estimated migration flows","2024Q1","Net migration","0 - 24 years","India","Base migration calculation method","Number","1703"
"Estimated migration flows","2024Q1","Net migration","0 - 24 years","India","Base plus education migration calculation method","Number","1718"
"Estimated migration flows","2024Q1","Net migration","0 - 24 years","Ukraine","Base migration calculation method","Number","700"
"Estimated migration flows","2024Q1","Net migration","0 - 24 years","Ukraine","Base plus education migration calculation method","Number","738"
"Estimated migration flows","2024Q1","Net migration","0 - 24 years","All nationalities","Base migration calculation method","Number","2899"
"Estimated migration flows","2024Q1","Net migration","0 - 24 years","All nationalities","Base plus education migration calculation method","Number","7118"
"Estimated migration flows","2024Q1","Net migration","0 - 24 years","EU14 excl Irl (countries in the EU pre 2004 excluding UK & Ireland)","Base migration calculation method","Number","1603"
"Estimated migration flows","2024Q1","Net migration","0 - 24 years","EU14 excl Irl (countries in the EU pre 2004 excluding UK & Ireland)","Base plus education migration calculation method","Number","1608"
"Estimated migration flows","2024Q1","Net migration","0 - 24 years","EU15 to EU27 (accession countries joined post 2004)","Base migration calculation method","Number","611"
"Estimated migration flows","2024Q1","Net migration","0 - 24 years","EU15 to EU27 (accession countries joined post 2004)","Base plus education migration calculation method","Number","703"
"Estimated migration flows","2024Q1","Net migration","0 - 24 years","Other nationalities (3)","Base migration calculation method","Number","2752"
"Estimated migration flows","2024Q1","Net migration","0 - 24 years","Other nationalities (3)","Base plus education migration calculation method","Number","2861"
"Estimated migration flows","2024Q1","Net migration","25 - 34 years","Ireland","Base migration calculation method","Number","-2342"
"Estimated migration flows","2024Q1","Net migration","25 - 34 years","Ireland","Base plus education migration calculation method","Number","-2107"
"Estimated migration flows","2024Q1","Net migration","25 - 34 years","United Kingdom of Great Britain and Northern Ireland","Base migration calculation method","Number","39"
"Estimated migration flows","2024Q1","Net migration","25 - 34 years","United Kingdom of Great Britain and Northern Ireland","Base plus education migration calculation method","Number","49"
"Estimated migration flows","2024Q1","Net migration","25 - 34 years","Brazil","Base migration calculation method","Number","-78"
"Estimated migration flows","2024Q1","Net migration","25 - 34 years","Brazil","Base plus education migration calculation method","Number","-59"
"Estimated migration flows","2024Q1","Net migration","25 - 34 years","India","Base migration calculation method","Number","1955"
"Estimated migration flows","2024Q1","Net migration","25 - 34 years","India","Base plus education migration calculation method","Number","1967"
"Estimated migration flows","2024Q1","Net migration","25 - 34 years","Ukraine","Base migration calculation method","Number","222"
"Estimated migration flows","2024Q1","Net migration","25 - 34 years","Ukraine","Base plus education migration calculation method","Number","247"
"Estimated migration flows","2024Q1","Net migration","25 - 34 years","All nationalities","Base migration calculation method","Number","2853"
"Estimated migration flows","2024Q1","Net migration","25 - 34 years","All nationalities","Base plus education migration calculation method","Number","3167"
"Estimated migration flows","2024Q1","Net migration","25 - 34 years","EU14 excl Irl (countries in the EU pre 2004 excluding UK & Ireland)","Base migration calculation method","Number","184"
"Estimated migration flows","2024Q1","Net migration","25 - 34 years","EU14 excl Irl (countries in the EU pre 2004 excluding UK & Ireland)","Base plus education migration calculation method","Number","176"
"Estimated migration flows","2024Q1","Net migration","25 - 34 years","EU15 to EU27 (accession countries joined post 2004)","Base migration calculation method","Number","-117"
"Estimated migration flows","2024Q1","Net migration","25 - 34 years","EU15 to EU27 (accession countries joined post 2004)","Base plus education migration calculation method","Number","-100"
"Estimated migration flows","2024Q1","Net migration","25 - 34 years","Other nationalities (3)","Base migration calculation method","Number","2990"
"Estimated migration flows","2024Q1","Net migration","25 - 34 years","Other nationalities (3)","Base plus education migration calculation method","Number","2994"
"Estimated migration flows","2024Q1","Net migration","35 - 44 years","Ireland","Base migration calculation method","Number","179"
"Estimated migration flows","2024Q1","Net migration","35 - 44 years","Ireland","Base plus education migration calculation method","Number","167"
"Estimated migration flows","2024Q1","Net migration","35 - 44 years","United Kingdom of Great Britain and Northern Ireland","Base migration calculation method","Number","103"
"Estimated migration flows","2024Q1","Net migration","35 - 44 years","United Kingdom of Great Britain and Northern Ireland","Base plus education migration calculation method","Number","106"
"Estimated migration flows","2024Q1","Net migration","35 - 44 years","Brazil","Base migration calculation method","Number","-12"
"Estimated migration flows","2024Q1","Net migration","35 - 44 years","Brazil","Base plus education migration calculation method","Number","-5"
"Estimated migration flows","2024Q1","Net migration","35 - 44 years","India","Base migration calculation method","Number","708"
"Estimated migration flows","2024Q1","Net migration","35 - 44 years","India","Base plus education migration calculation method","Number","711"
"Estimated migration flows","2024Q1","Net migration","35 - 44 years","Ukraine","Base migration calculation method","Number","110"
"Estimated migration flows","2024Q1","Net migration","35 - 44 years","Ukraine","Base plus education migration calculation method","Number","155"
"Estimated migration flows","2024Q1","Net migration","35 - 44 years","All nationalities","Base migration calculation method","Number","2278"
"Estimated migration flows","2024Q1","Net migration","35 - 44 years","All nationalities","Base plus education migration calculation method","Number","2339"
"Estimated migration flows","2024Q1","Net migration","35 - 44 years","EU14 excl Irl (countries in the EU pre 2004 excluding UK & Ireland)","Base migration calculation method","Number","73"
"Estimated migration flows","2024Q1","Net migration","35 - 44 years","EU14 excl Irl (countries in the EU pre 2004 excluding UK & Ireland)","Base plus education migration calculation method","Number","82"
"Estimated migration flows","2024Q1","Net migration","35 - 44 years","EU15 to EU27 (accession countries joined post 2004)","Base migration calculation method","Number","-602"
"Estimated migration flows","2024Q1","Net migration","35 - 44 years","EU15 to EU27 (accession countries joined post 2004)","Base plus education migration calculation method","Number","-598"
"Estimated migration flows","2024Q1","Net migration","35 - 44 years","Other nationalities (3)","Base migration calculation method","Number","1719"
"Estimated migration flows","2024Q1","Net migration","35 - 44 years","Other nationalities (3)","Base plus education migration calculation method","Number","1721"
"Estimated migration flows","2024Q1","Net migration","45 years and over","Ireland","Base migration calculation method","Number","1702"
"Estimated migration flows","2024Q1","Net migration","45 years and over","Ireland","Base plus education migration calculation method","Number","1697"
"Estimated migration flows","2024Q1","Net migration","45 years and over","United Kingdom of Great Britain and Northern Ireland","Base migration calculation method","Number","164"
"Estimated migration flows","2024Q1","Net migration","45 years and over","United Kingdom of Great Britain and Northern Ireland","Base plus education migration calculation method","Number","168"
"Estimated migration flows","2024Q1","Net migration","45 years and over","Brazil","Base migration calculation method","Number","18"
"Estimated migration flows","2024Q1","Net migration","45 years and over","Brazil","Base plus education migration calculation method","Number","16"
"Estimated migration flows","2024Q1","Net migration","45 years and over","India","Base migration calculation method","Number","106"
"Estimated migration flows","2024Q1","Net migration","45 years and over","India","Base plus education migration calculation method","Number","106"
"Estimated migration flows","2024Q1","Net migration","45 years and over","Ukraine","Base migration calculation method","Number","255"
"Estimated migration flows","2024Q1","Net migration","45 years and over","Ukraine","Base plus education migration calculation method","Number","293"
"Estimated migration flows","2024Q1","Net migration","45 years and over","All nationalities","Base migration calculation method","Number","3021"
"Estimated migration flows","2024Q1","Net migration","45 years and over","All nationalities","Base plus education migration calculation method","Number","3064"
"Estimated migration flows","2024Q1","Net migration","45 years and over","EU14 excl Irl (countries in the EU pre 2004 excluding UK & Ireland)","Base migration calculation method","Number","183"
"Estimated migration flows","2024Q1","Net migration","45 years and over","EU14 excl Irl (countries in the EU pre 2004 excluding UK & Ireland)","Base plus education migration calculation method","Number","185"
"Estimated migration flows","2024Q1","Net migration","45 years and over","EU15 to EU27 (accession countries joined post 2004)","Base migration calculation method","Number","-252"
"Estimated migration flows","2024Q1","Net migration","45 years and over","EU15 to EU27 (accession countries joined post 2004)","Base plus education migration calculation method","Number","-243"
"Estimated migration flows","2024Q1","Net migration","45 years and over","Other nationalities (3)","Base migration calculation method","Number","845"
"Estimated migration flows","2024Q1","Net migration","45 years and over","Other nationalities (3)","Base plus education migration calculation method","Number","842"
"Estimated migration flows","2024Q1","Net migration","All ages","Ireland","Base migration calculation method","Number","-5245"
"Estimated migration flows","2024Q1","Net migration","All ages","Ireland","Base plus education migration calculation method","Number","-1146"
"Estimated migration flows","2024Q1","Net migration","All ages","United Kingdom of Great Britain and Northern Ireland","Base migration calculation method","Number","374"
"Estimated migration flows","2024Q1","Net migration","All ages","United Kingdom of Great Britain and Northern Ireland","Base plus education migration calculation method","Number","455"
"Estimated migration flows","2024Q1","Net migration","All ages","Brazil","Base migration calculation method","Number","174"
"Estimated migration flows","2024Q1","Net migration","All ages","Brazil","Base plus education migration calculation method","Number","213"
"Estimated migration flows","2024Q1","Net migration","All ages","India","Base migration calculation method","Number","4472"
"Estimated migration flows","2024Q1","Net migration","All ages","India","Base plus education migration calculation method","Number","4502"
"Estimated migration flows","2024Q1","Net migration","All ages","Ukraine","Base migration calculation method","Number","1287"
"Estimated migration flows","2024Q1","Net migration","All ages","Ukraine","Base plus education migration calculation method","Number","1433"
"Estimated migration flows","2024Q1","Net migration","All ages","All nationalities","Base migration calculation method","Number","11051"
"Estimated migration flows","2024Q1","Net migration","All ages","All nationalities","Base plus education migration calculation method","Number","15688"
"Estimated migration flows","2024Q1","Net migration","All ages","EU14 excl Irl (countries in the EU pre 2004 excluding UK & Ireland)","Base migration calculation method","Number","2043"
"Estimated migration flows","2024Q1","Net migration","All ages","EU14 excl Irl (countries in the EU pre 2004 excluding UK & Ireland)","Base plus education migration calculation method","Number","2051"
"Estimated migration flows","2024Q1","Net migration","All ages","EU15 to EU27 (accession countries joined post 2004)","Base migration calculation method","Number","-360"
"Estimated migration flows","2024Q1","Net migration","All ages","EU15 to EU27 (accession countries joined post 2004)","Base plus education migration calculation method","Number","-238"
"Estimated migration flows","2024Q1","Net migration","All ages","Other nationalities (3)","Base migration calculation method","Number","8306"
"Estimated migration flows","2024Q1","Net migration","All ages","Other nationalities (3)","Base plus education migration calculation method","Number","8418"
"Estimated migration flows","2024Q2","Inward migration - All","0 - 24 years","Ireland","Base migration calculation method","Number","8887"
"Estimated migration flows","2024Q2","Inward migration - All","0 - 24 years","Ireland","Base plus education migration calculation method","Number","2853"
"Estimated migration flows","2024Q2","Inward migration - All","0 - 24 years","United Kingdom of Great Britain and Northern Ireland","Base migration calculation method","Number","635"
"Estimated migration flows","2024Q2","Inward migration - All","0 - 24 years","United Kingdom of Great Britain and Northern Ireland","Base plus education migration calculation method","Number","497"
"Estimated migration flows","2024Q2","Inward migration - All","0 - 24 years","Brazil","Base migration calculation method","Number","832"
"Estimated migration flows","2024Q2","Inward migration - All","0 - 24 years","Brazil","Base plus education migration calculation method","Number","835"
"Estimated migration flows","2024Q2","Inward migration - All","0 - 24 years","India","Base migration calculation method","Number","1899"
"Estimated migration flows","2024Q2","Inward migration - All","0 - 24 years","India","Base plus education migration calculation method","Number","1853"
"Estimated migration flows","2024Q2","Inward migration - All","0 - 24 years","Ukraine","Base migration calculation method","Number","815"
"Estimated migration flows","2024Q2","Inward migration - All","0 - 24 years","Ukraine","Base plus education migration calculation method","Number","790"
"Estimated migration flows","2024Q2","Inward migration - All","0 - 24 years","All nationalities","Base migration calculation method","Number","22688"
"Estimated migration flows","2024Q2","Inward migration - All","0 - 24 years","All nationalities","Base plus education migration calculation method","Number","15237"
"Estimated migration flows","2024Q2","Inward migration - All","0 - 24 years","EU14 excl Irl (countries in the EU pre 2004 excluding UK & Ireland)","Base migration calculation method","Number","2524"
"Estimated migration flows","2024Q2","Inward migration - All","0 - 24 years","EU14 excl Irl (countries in the EU pre 2004 excluding UK & Ireland)","Base plus education migration calculation method","Number","2427"
"Estimated migration flows","2024Q2","Inward migration - All","0 - 24 years","EU15 to EU27 (accession countries joined post 2004)","Base migration calculation method","Number","2112"
"Estimated migration flows","2024Q2","Inward migration - All","0 - 24 years","EU15 to EU27 (accession countries joined post 2004)","Base plus education migration calculation method","Number","1761"
"Estimated migration flows","2024Q2","Inward migration - All","0 - 24 years","Other nationalities (3)","Base migration calculation method","Number","4984"
"Estimated migration flows","2024Q2","Inward migration - All","0 - 24 years","Other nationalities (3)","Base plus education migration calculation method","Number","4221"
"Estimated migration flows","2024Q2","Inward migration - All","25 - 34 years","Ireland","Base migration calculation method","Number","4823"
"Estimated migration flows","2024Q2","Inward migration - All","25 - 34 years","Ireland","Base plus education migration calculation method","Number","4281"
"Estimated migration flows","2024Q2","Inward migration - All","25 - 34 years","United Kingdom of Great Britain and Northern Ireland","Base migration calculation method","Number","469"
"Estimated migration flows","2024Q2","Inward migration - All","25 - 34 years","United Kingdom of Great Britain and Northern Ireland","Base plus education migration calculation method","Number","449"
"Estimated migration flows","2024Q2","Inward migration - All","25 - 34 years","Brazil","Base migration calculation method","Number","1707"
"Estimated migration flows","2024Q2","Inward migration - All","25 - 34 years","Brazil","Base plus education migration calculation method","Number","1692"
"Estimated migration flows","2024Q2","Inward migration - All","25 - 34 years","India","Base migration calculation method","Number","1901"
"Estimated migration flows","2024Q2","Inward migration - All","25 - 34 years","India","Base plus education migration calculation method","Number","1860"
"Estimated migration flows","2024Q2","Inward migration - All","25 - 34 years","Ukraine","Base migration calculation method","Number","470"
"Estimated migration flows","2024Q2","Inward migration - All","25 - 34 years","Ukraine","Base plus education migration calculation method","Number","462"
"Estimated migration flows","2024Q2","Inward migration - All","25 - 34 years","All nationalities","Base migration calculation method","Number","19068"
"Estimated migration flows","2024Q2","Inward migration - All","25 - 34 years","All nationalities","Base plus education migration calculation method","Number","18303"
"Estimated migration flows","2024Q2","Inward migration - All","25 - 34 years","EU14 excl Irl (countries in the EU pre 2004 excluding UK & Ireland)","Base migration calculation method","Number","2489"
"Estimated migration flows","2024Q2","Inward migration - All","25 - 34 years","EU14 excl Irl (countries in the EU pre 2004 excluding UK & Ireland)","Base plus education migration calculation method","Number","2455"
"Estimated migration flows","2024Q2","Inward migration - All","25 - 34 years","EU15 to EU27 (accession countries joined post 2004)","Base migration calculation method","Number","1684"
"Estimated migration flows","2024Q2","Inward migration - All","25 - 34 years","EU15 to EU27 (accession countries joined post 2004)","Base plus education migration calculation method","Number","1664"
"Estimated migration flows","2024Q2","Inward migration - All","25 - 34 years","Other nationalities (3)","Base migration calculation method","Number","5525"
"Estimated migration flows","2024Q2","Inward migration - All","25 - 34 years","Other nationalities (3)","Base plus education migration calculation method","Number","5440"
"Estimated migration flows","2024Q2","Inward migration - All","35 - 44 years","Ireland","Base migration calculation method","Number","2280"
"Estimated migration flows","2024Q2","Inward migration - All","35 - 44 years","Ireland","Base plus education migration calculation method","Number","2185"
"Estimated migration flows","2024Q2","Inward migration - All","35 - 44 years","United Kingdom of Great Britain and Northern Ireland","Base migration calculation method","Number","307"
"Estimated migration flows","2024Q2","Inward migration - All","35 - 44 years","United Kingdom of Great Britain and Northern Ireland","Base plus education migration calculation method","Number","302"
"Estimated migration flows","2024Q2","Inward migration - All","35 - 44 years","Brazil","Base migration calculation method","Number","670"
"Estimated migration flows","2024Q2","Inward migration - All","35 - 44 years","Brazil","Base plus education migration calculation method","Number","662"
"Estimated migration flows","2024Q2","Inward migration - All","35 - 44 years","India","Base migration calculation method","Number","1137"
"Estimated migration flows","2024Q2","Inward migration - All","35 - 44 years","India","Base plus education migration calculation method","Number","1126"
"Estimated migration flows","2024Q2","Inward migration - All","35 - 44 years","Ukraine","Base migration calculation method","Number","425"
"Estimated migration flows","2024Q2","Inward migration - All","35 - 44 years","Ukraine","Base plus education migration calculation method","Number","423"
"Estimated migration flows","2024Q2","Inward migration - All","35 - 44 years","All nationalities","Base migration calculation method","Number","10242"
"Estimated migration flows","2024Q2","Inward migration - All","35 - 44 years","All nationalities","Base plus education migration calculation method","Number","10060"
"Estimated migration flows","2024Q2","Inward migration - All","35 - 44 years","EU14 excl Irl (countries in the EU pre 2004 excluding UK & Ireland)","Base migration calculation method","Number","1032"
"Estimated migration flows","2024Q2","Inward migration - All","35 - 44 years","EU14 excl Irl (countries in the EU pre 2004 excluding UK & Ireland)","Base plus education migration calculation method","Number","1019"
"Estimated migration flows","2024Q2","Inward migration - All","35 - 44 years","EU15 to EU27 (accession countries joined post 2004)","Base migration calculation method","Number","1366"
"Estimated migration flows","2024Q2","Inward migration - All","35 - 44 years","EU15 to EU27 (accession countries joined post 2004)","Base plus education migration calculation method","Number","1356"
"Estimated migration flows","2024Q2","Inward migration - All","35 - 44 years","Other nationalities (3)","Base migration calculation method","Number","3025"
"Estimated migration flows","2024Q2","Inward migration - All","35 - 44 years","Other nationalities (3)","Base plus education migration calculation method","Number","2987"
"Estimated migration flows","2024Q2","Inward migration - All","45 years and over","Ireland","Base migration calculation method","Number","5865"
"Estimated migration flows","2024Q2","Inward migration - All","45 years and over","Ireland","Base plus education migration calculation method","Number","5743"
"Estimated migration flows","2024Q2","Inward migration - All","45 years and over","United Kingdom of Great Britain and Northern Ireland","Base migration calculation method","Number","782"
"Estimated migration flows","2024Q2","Inward migration - All","45 years and over","United Kingdom of Great Britain and Northern Ireland","Base plus education migration calculation method","Number","772"
"Estimated migration flows","2024Q2","Inward migration - All","45 years and over","Brazil","Base migration calculation method","Number","235"
"Estimated migration flows","2024Q2","Inward migration - All","45 years and over","Brazil","Base plus education migration calculation method","Number","234"
"Estimated migration flows","2024Q2","Inward migration - All","45 years and over","India","Base migration calculation method","Number","231"
"Estimated migration flows","2024Q2","Inward migration - All","45 years and over","India","Base plus education migration calculation method","Number","229"
"Estimated migration flows","2024Q2","Inward migration - All","45 years and over","Ukraine","Base migration calculation method","Number","646"
"Estimated migration flows","2024Q2","Inward migration - All","45 years and over","Ukraine","Base plus education migration calculation method","Number","642"
"Estimated migration flows","2024Q2","Inward migration - All","45 years and over","All nationalities","Base migration calculation method","Number","11962"
"Estimated migration flows","2024Q2","Inward migration - All","45 years and over","All nationalities","Base plus education migration calculation method","Number","11796"
"Estimated migration flows","2024Q2","Inward migration - All","45 years and over","EU14 excl Irl (countries in the EU pre 2004 excluding UK & Ireland)","Base migration calculation method","Number","876"
"Estimated migration flows","2024Q2","Inward migration - All","45 years and over","EU14 excl Irl (countries in the EU pre 2004 excluding UK & Ireland)","Base plus education migration calculation method","Number","871"
"Estimated migration flows","2024Q2","Inward migration - All","45 years and over","EU15 to EU27 (accession countries joined post 2004)","Base migration calculation method","Number","1421"
"Estimated migration flows","2024Q2","Inward migration - All","45 years and over","EU15 to EU27 (accession countries joined post 2004)","Base plus education migration calculation method","Number","1416"
"Estimated migration flows","2024Q2","Inward migration - All","45 years and over","Other nationalities (3)","Base migration calculation method","Number","1906"
"Estimated migration flows","2024Q2","Inward migration - All","45 years and over","Other nationalities (3)","Base plus education migration calculation method","Number","1889"
"Estimated migration flows","2024Q2","Inward migration - All","All ages","Ireland","Base migration calculation method","Number","21855"
"Estimated migration flows","2024Q2","Inward migration - All","All ages","Ireland","Base plus education migration calculation method","Number","15062"
"Estimated migration flows","2024Q2","Inward migration - All","All ages","United Kingdom of Great Britain and Northern Ireland","Base migration calculation method","Number","2193"
"Estimated migration flows","2024Q2","Inward migration - All","All ages","United Kingdom of Great Britain and Northern Ireland","Base plus education migration calculation method","Number","2020"
"Estimated migration flows","2024Q2","Inward migration - All","All ages","Brazil","Base migration calculation method","Number","3444"
"Estimated migration flows","2024Q2","Inward migration - All","All ages","Brazil","Base plus education migration calculation method","Number","3423"
"Estimated migration flows","2024Q2","Inward migration - All","All ages","India","Base migration calculation method","Number","5168"
"Estimated migration flows","2024Q2","Inward migration - All","All ages","India","Base plus education migration calculation method","Number","5068"
"Estimated migration flows","2024Q2","Inward migration - All","All ages","Ukraine","Base migration calculation method","Number","2356"
"Estimated migration flows","2024Q2","Inward migration - All","All ages","Ukraine","Base plus education migration calculation method","Number","2317"
"Estimated migration flows","2024Q2","Inward migration - All","All ages","All nationalities","Base migration calculation method","Number","63960"
"Estimated migration flows","2024Q2","Inward migration - All","All ages","All nationalities","Base plus education migration calculation method","Number","55396"
"Estimated migration flows","2024Q2","Inward migration - All","All ages","EU14 excl Irl (countries in the EU pre 2004 excluding UK & Ireland)","Base migration calculation method","Number","6921"
"Estimated migration flows","2024Q2","Inward migration - All","All ages","EU14 excl Irl (countries in the EU pre 2004 excluding UK & Ireland)","Base plus education migration calculation method","Number","6772"
"Estimated migration flows","2024Q2","Inward migration - All","All ages","EU15 to EU27 (accession countries joined post 2004)","Base migration calculation method","Number","6583"
"Estimated migration flows","2024Q2","Inward migration - All","All ages","EU15 to EU27 (accession countries joined post 2004)","Base plus education migration calculation method","Number","6197"
"Estimated migration flows","2024Q2","Inward migration - All","All ages","Other nationalities (3)","Base migration calculation method","Number","15440"
"Estimated migration flows","2024Q2","Inward migration - All","All ages","Other nationalities (3)","Base plus education migration calculation method","Number","14537"
"Estimated migration flows","2024Q2","Outward migration","0 - 24 years","Ireland","Base migration calculation method","Number","5998"
"Estimated migration flows","2024Q2","Outward migration","0 - 24 years","Ireland","Base plus education migration calculation method","Number","2815"
"Estimated migration flows","2024Q2","Outward migration","0 - 24 years","United Kingdom of Great Britain and Northern Ireland","Base migration calculation method","Number","206"
"Estimated migration flows","2024Q2","Outward migration","0 - 24 years","United Kingdom of Great Britain and Northern Ireland","Base plus education migration calculation method","Number","149"
"Estimated migration flows","2024Q2","Outward migration","0 - 24 years","Brazil","Base migration calculation method","Number","215"
"Estimated migration flows","2024Q2","Outward migration","0 - 24 years","Brazil","Base plus education migration calculation method","Number","203"
"Estimated migration flows","2024Q2","Outward migration","0 - 24 years","India","Base migration calculation method","Number","68"
"Estimated migration flows","2024Q2","Outward migration","0 - 24 years","India","Base plus education migration calculation method","Number","50"
"Estimated migration flows","2024Q2","Outward migration","0 - 24 years","Ukraine","Base migration calculation method","Number","256"
"Estimated migration flows","2024Q2","Outward migration","0 - 24 years","Ukraine","Base plus education migration calculation method","Number","228"
"Estimated migration flows","2024Q2","Outward migration","0 - 24 years","All nationalities","Base migration calculation method","Number","8974"
"Estimated migration flows","2024Q2","Outward migration","0 - 24 years","All nationalities","Base plus education migration calculation method","Number","5212"
"Estimated migration flows","2024Q2","Outward migration","0 - 24 years","EU14 excl Irl (countries in the EU pre 2004 excluding UK & Ireland)","Base migration calculation method","Number","571"
"Estimated migration flows","2024Q2","Outward migration","0 - 24 years","EU14 excl Irl (countries in the EU pre 2004 excluding UK & Ireland)","Base plus education migration calculation method","Number","516"
"Estimated migration flows","2024Q2","Outward migration","0 - 24 years","EU15 to EU27 (accession countries joined post 2004)","Base migration calculation method","Number","837"
"Estimated migration flows","2024Q2","Outward migration","0 - 24 years","EU15 to EU27 (accession countries joined post 2004)","Base plus education migration calculation method","Number","685"
"Estimated migration flows","2024Q2","Outward migration","0 - 24 years","Other nationalities (3)","Base migration calculation method","Number","823"
"Estimated migration flows","2024Q2","Outward migration","0 - 24 years","Other nationalities (3)","Base plus education migration calculation method","Number","566"
"Estimated migration flows","2024Q2","Outward migration","25 - 34 years","Ireland","Base migration calculation method","Number","5648"
"Estimated migration flows","2024Q2","Outward migration","25 - 34 years","Ireland","Base plus education migration calculation method","Number","5127"
"Estimated migration flows","2024Q2","Outward migration","25 - 34 years","United Kingdom of Great Britain and Northern Ireland","Base migration calculation method","Number","343"
"Estimated migration flows","2024Q2","Outward migration","25 - 34 years","United Kingdom of Great Britain and Northern Ireland","Base plus education migration calculation method","Number","327"
"Estimated migration flows","2024Q2","Outward migration","25 - 34 years","Brazil","Base migration calculation method","Number","892"
"Estimated migration flows","2024Q2","Outward migration","25 - 34 years","Brazil","Base plus education migration calculation method","Number","871"
"Estimated migration flows","2024Q2","Outward migration","25 - 34 years","India","Base migration calculation method","Number","511"
"Estimated migration flows","2024Q2","Outward migration","25 - 34 years","India","Base plus education migration calculation method","Number","464"
"Estimated migration flows","2024Q2","Outward migration","25 - 34 years","Ukraine","Base migration calculation method","Number","463"
"Estimated migration flows","2024Q2","Outward migration","25 - 34 years","Ukraine","Base plus education migration calculation method","Number","441"
"Estimated migration flows","2024Q2","Outward migration","25 - 34 years","All nationalities","Base migration calculation method","Number","12875"
"Estimated migration flows","2024Q2","Outward migration","25 - 34 years","All nationalities","Base plus education migration calculation method","Number","12043"
"Estimated migration flows","2024Q2","Outward migration","25 - 34 years","EU14 excl Irl (countries in the EU pre 2004 excluding UK & Ireland)","Base migration calculation method","Number","1643"
"Estimated migration flows","2024Q2","Outward migration","25 - 34 years","EU14 excl Irl (countries in the EU pre 2004 excluding UK & Ireland)","Base plus education migration calculation method","Number","1596"
"Estimated migration flows","2024Q2","Outward migration","25 - 34 years","EU15 to EU27 (accession countries joined post 2004)","Base migration calculation method","Number","1527"
"Estimated migration flows","2024Q2","Outward migration","25 - 34 years","EU15 to EU27 (accession countries joined post 2004)","Base plus education migration calculation method","Number","1487"
"Estimated migration flows","2024Q2","Outward migration","25 - 34 years","Other nationalities (3)","Base migration calculation method","Number","1848"
"Estimated migration flows","2024Q2","Outward migration","25 - 34 years","Other nationalities (3)","Base plus education migration calculation method","Number","1730"
"Estimated migration flows","2024Q2","Outward migration","35 - 44 years","Ireland","Base migration calculation method","Number","2144"
"Estimated migration flows","2024Q2","Outward migration","35 - 44 years","Ireland","Base plus education migration calculation method","Number","2051"
"Estimated migration flows","2024Q2","Outward migration","35 - 44 years","United Kingdom of Great Britain and Northern Ireland","Base migration calculation method","Number","219"
"Estimated migration flows","2024Q2","Outward migration","35 - 44 years","United Kingdom of Great Britain and Northern Ireland","Base plus education migration calculation method","Number","214"
"Estimated migration flows","2024Q2","Outward migration","35 - 44 years","Brazil","Base migration calculation method","Number","418"
"Estimated migration flows","2024Q2","Outward migration","35 - 44 years","Brazil","Base plus education migration calculation method","Number","404"
"Estimated migration flows","2024Q2","Outward migration","35 - 44 years","India","Base migration calculation method","Number","294"
"Estimated migration flows","2024Q2","Outward migration","35 - 44 years","India","Base plus education migration calculation method","Number","273"
"Estimated migration flows","2024Q2","Outward migration","35 - 44 years","Ukraine","Base migration calculation method","Number","429"
"Estimated migration flows","2024Q2","Outward migration","35 - 44 years","Ukraine","Base plus education migration calculation method","Number","405"
"Estimated migration flows","2024Q2","Outward migration","35 - 44 years","All nationalities","Base migration calculation method","Number","6703"
"Estimated migration flows","2024Q2","Outward migration","35 - 44 years","All nationalities","Base plus education migration calculation method","Number","6473"
"Estimated migration flows","2024Q2","Outward migration","35 - 44 years","EU14 excl Irl (countries in the EU pre 2004 excluding UK & Ireland)","Base migration calculation method","Number","734"
"Estimated migration flows","2024Q2","Outward migration","35 - 44 years","EU14 excl Irl (countries in the EU pre 2004 excluding UK & Ireland)","Base plus education migration calculation method","Number","713"
"Estimated migration flows","2024Q2","Outward migration","35 - 44 years","EU15 to EU27 (accession countries joined post 2004)","Base migration calculation method","Number","1522"
"Estimated migration flows","2024Q2","Outward migration","35 - 44 years","EU15 to EU27 (accession countries joined post 2004)","Base plus education migration calculation method","Number","1501"
"Estimated migration flows","2024Q2","Outward migration","35 - 44 years","Other nationalities (3)","Base migration calculation method","Number","943"
"Estimated migration flows","2024Q2","Outward migration","35 - 44 years","Other nationalities (3)","Base plus education migration calculation method","Number","912"
"Estimated migration flows","2024Q2","Outward migration","45 years and over","Ireland","Base migration calculation method","Number","3788"
"Estimated migration flows","2024Q2","Outward migration","45 years and over","Ireland","Base plus education migration calculation method","Number","3681"
"Estimated migration flows","2024Q2","Outward migration","45 years and over","United Kingdom of Great Britain and Northern Ireland","Base migration calculation method","Number","562"
"Estimated migration flows","2024Q2","Outward migration","45 years and over","United Kingdom of Great Britain and Northern Ireland","Base plus education migration calculation method","Number","554"
"Estimated migration flows","2024Q2","Outward migration","45 years and over","Brazil","Base migration calculation method","Number","131"
"Estimated migration flows","2024Q2","Outward migration","45 years and over","Brazil","Base plus education migration calculation method","Number","128"
"Estimated migration flows","2024Q2","Outward migration","45 years and over","India","Base migration calculation method","Number","64"
"Estimated migration flows","2024Q2","Outward migration","45 years and over","India","Base plus education migration calculation method","Number","60"
"Estimated migration flows","2024Q2","Outward migration","45 years and over","Ukraine","Base migration calculation method","Number","636"
"Estimated migration flows","2024Q2","Outward migration","45 years and over","Ukraine","Base plus education migration calculation method","Number","611"
"Estimated migration flows","2024Q2","Outward migration","45 years and over","All nationalities","Base migration calculation method","Number","7790"
"Estimated migration flows","2024Q2","Outward migration","45 years and over","All nationalities","Base plus education migration calculation method","Number","7591"
"Estimated migration flows","2024Q2","Outward migration","45 years and over","EU14 excl Irl (countries in the EU pre 2004 excluding UK & Ireland)","Base migration calculation method","Number","513"
"Estimated migration flows","2024Q2","Outward migration","45 years and over","EU14 excl Irl (countries in the EU pre 2004 excluding UK & Ireland)","Base plus education migration calculation method","Number","498"
"Estimated migration flows","2024Q2","Outward migration","45 years and over","EU15 to EU27 (accession countries joined post 2004)","Base migration calculation method","Number","1267"
"Estimated migration flows","2024Q2","Outward migration","45 years and over","EU15 to EU27 (accession countries joined post 2004)","Base plus education migration calculation method","Number","1253"
"Estimated migration flows","2024Q2","Outward migration","45 years and over","Other nationalities (3)","Base migration calculation method","Number","829"
"Estimated migration flows","2024Q2","Outward migration","45 years and over","Other nationalities (3)","Base plus education migration calculation method","Number","806"
"Estimated migration flows","2024Q2","Outward migration","All ages","Ireland","Base migration calculation method","Number","17578"
"Estimated migration flows","2024Q2","Outward migration","All ages","Ireland","Base plus education migration calculation method","Number","13674"
"Estimated migration flows","2024Q2","Outward migration","All ages","United Kingdom of Great Britain and Northern Ireland","Base migration calculation method","Number","1330"
"Estimated migration flows","2024Q2","Outward migration","All ages","United Kingdom of Great Britain and Northern Ireland","Base plus education migration calculation method","Number","1244"
"Estimated migration flows","2024Q2","Outward migration","All ages","Brazil","Base migration calculation method","Number","1656"
"Estimated migration flows","2024Q2","Outward migration","All ages","Brazil","Base plus education migration calculation method","Number","1606"
"Estimated migration flows","2024Q2","Outward migration","All ages","India","Base migration calculation method","Number","937"
"Estimated migration flows","2024Q2","Outward migration","All ages","India","Base plus education migration calculation method","Number","847"
"Estimated migration flows","2024Q2","Outward migration","All ages","Ukraine","Base migration calculation method","Number","1784"
"Estimated migration flows","2024Q2","Outward migration","All ages","Ukraine","Base plus education migration calculation method","Number","1685"
"Estimated migration flows","2024Q2","Outward migration","All ages","All nationalities","Base migration calculation method","Number","36342"
"Estimated migration flows","2024Q2","Outward migration","All ages","All nationalities","Base plus education migration calculation method","Number","31319"
"Estimated migration flows","2024Q2","Outward migration","All ages","EU14 excl Irl (countries in the EU pre 2004 excluding UK & Ireland)","Base migration calculation method","Number","3461"
"Estimated migration flows","2024Q2","Outward migration","All ages","EU14 excl Irl (countries in the EU pre 2004 excluding UK & Ireland)","Base plus education migration calculation method","Number","3323"
"Estimated migration flows","2024Q2","Outward migration","All ages","EU15 to EU27 (accession countries joined post 2004)","Base migration calculation method","Number","5153"
"Estimated migration flows","2024Q2","Outward migration","All ages","EU15 to EU27 (accession countries joined post 2004)","Base plus education migration calculation method","Number","4926"
"Estimated migration flows","2024Q2","Outward migration","All ages","Other nationalities (3)","Base migration calculation method","Number","4443"
"Estimated migration flows","2024Q2","Outward migration","All ages","Other nationalities (3)","Base plus education migration calculation method","Number","4014"
"Estimated migration flows","2024Q2","Net migration","0 - 24 years","Ireland","Base migration calculation method","Number","2889"
"Estimated migration flows","2024Q2","Net migration","0 - 24 years","Ireland","Base plus education migration calculation method","Number","38"
"Estimated migration flows","2024Q2","Net migration","0 - 24 years","United Kingdom of Great Britain and Northern Ireland","Base migration calculation method","Number","429"
"Estimated migration flows","2024Q2","Net migration","0 - 24 years","United Kingdom of Great Britain and Northern Ireland","Base plus education migration calculation method","Number","348"
"Estimated migration flows","2024Q2","Net migration","0 - 24 years","Brazil","Base migration calculation method","Number","617"
"Estimated migration flows","2024Q2","Net migration","0 - 24 years","Brazil","Base plus education migration calculation method","Number","632"
"Estimated migration flows","2024Q2","Net migration","0 - 24 years","India","Base migration calculation method","Number","1831"
"Estimated migration flows","2024Q2","Net migration","0 - 24 years","India","Base plus education migration calculation method","Number","1803"
"Estimated migration flows","2024Q2","Net migration","0 - 24 years","Ukraine","Base migration calculation method","Number","559"
"Estimated migration flows","2024Q2","Net migration","0 - 24 years","Ukraine","Base plus education migration calculation method","Number","562"
"Estimated migration flows","2024Q2","Net migration","0 - 24 years","All nationalities","Base migration calculation method","Number","13714"
"Estimated migration flows","2024Q2","Net migration","0 - 24 years","All nationalities","Base plus education migration calculation method","Number","10025"
"Estimated migration flows","2024Q2","Net migration","0 - 24 years","EU14 excl Irl (countries in the EU pre 2004 excluding UK & Ireland)","Base migration calculation method","Number","1953"
"Estimated migration flows","2024Q2","Net migration","0 - 24 years","EU14 excl Irl (countries in the EU pre 2004 excluding UK & Ireland)","Base plus education migration calculation method","Number","1911"
"Estimated migration flows","2024Q2","Net migration","0 - 24 years","EU15 to EU27 (accession countries joined post 2004)","Base migration calculation method","Number","1275"
"Estimated migration flows","2024Q2","Net migration","0 - 24 years","EU15 to EU27 (accession countries joined post 2004)","Base plus education migration calculation method","Number","1076"
"Estimated migration flows","2024Q2","Net migration","0 - 24 years","Other nationalities (3)","Base migration calculation method","Number","4161"
"Estimated migration flows","2024Q2","Net migration","0 - 24 years","Other nationalities (3)","Base plus education migration calculation method","Number","3655"
"Estimated migration flows","2024Q2","Net migration","25 - 34 years","Ireland","Base migration calculation method","Number","-825"
"Estimated migration flows","2024Q2","Net migration","25 - 34 years","Ireland","Base plus education migration calculation method","Number","-846"
"Estimated migration flows","2024Q2","Net migration","25 - 34 years","United Kingdom of Great Britain and Northern Ireland","Base migration calculation method","Number","126"
"Estimated migration flows","2024Q2","Net migration","25 - 34 years","United Kingdom of Great Britain and Northern Ireland","Base plus education migration calculation method","Number","122"
"Estimated migration flows","2024Q2","Net migration","25 - 34 years","Brazil","Base migration calculation method","Number","815"
"Estimated migration flows","2024Q2","Net migration","25 - 34 years","Brazil","Base plus education migration calculation method","Number","821"
"Estimated migration flows","2024Q2","Net migration","25 - 34 years","India","Base migration calculation method","Number","1390"
"Estimated migration flows","2024Q2","Net migration","25 - 34 years","India","Base plus education migration calculation method","Number","1396"
"Estimated migration flows","2024Q2","Net migration","25 - 34 years","Ukraine","Base migration calculation method","Number","7"
"Estimated migration flows","2024Q2","Net migration","25 - 34 years","Ukraine","Base plus education migration calculation method","Number","21"
"Estimated migration flows","2024Q2","Net migration","25 - 34 years","All nationalities","Base migration calculation method","Number","6193"
"Estimated migration flows","2024Q2","Net migration","25 - 34 years","All nationalities","Base plus education migration calculation method","Number","6260"
"Estimated migration flows","2024Q2","Net migration","25 - 34 years","EU14 excl Irl (countries in the EU pre 2004 excluding UK & Ireland)","Base migration calculation method","Number","846"
"Estimated migration flows","2024Q2","Net migration","25 - 34 years","EU14 excl Irl (countries in the EU pre 2004 excluding UK & Ireland)","Base plus education migration calculation method","Number","859"
"Estimated migration flows","2024Q2","Net migration","25 - 34 years","EU15 to EU27 (accession countries joined post 2004)","Base migration calculation method","Number","157"
"Estimated migration flows","2024Q2","Net migration","25 - 34 years","EU15 to EU27 (accession countries joined post 2004)","Base plus education migration calculation method","Number","177"
"Estimated migration flows","2024Q2","Net migration","25 - 34 years","Other nationalities (3)","Base migration calculation method","Number","3677"
"Estimated migration flows","2024Q2","Net migration","25 - 34 years","Other nationalities (3)","Base plus education migration calculation method","Number","3710"
"Estimated migration flows","2024Q2","Net migration","35 - 44 years","Ireland","Base migration calculation method","Number","136"
"Estimated migration flows","2024Q2","Net migration","35 - 44 years","Ireland","Base plus education migration calculation method","Number","134"
"Estimated migration flows","2024Q2","Net migration","35 - 44 years","United Kingdom of Great Britain and Northern Ireland","Base migration calculation method","Number","88"
"Estimated migration flows","2024Q2","Net migration","35 - 44 years","United Kingdom of Great Britain and Northern Ireland","Base plus education migration calculation method","Number","88"
"Estimated migration flows","2024Q2","Net migration","35 - 44 years","Brazil","Base migration calculation method","Number","252"
"Estimated migration flows","2024Q2","Net migration","35 - 44 years","Brazil","Base plus education migration calculation method","Number","258"
"Estimated migration flows","2024Q2","Net migration","35 - 44 years","India","Base migration calculation method","Number","843"
"Estimated migration flows","2024Q2","Net migration","35 - 44 years","India","Base plus education migration calculation method","Number","853"
"Estimated migration flows","2024Q2","Net migration","35 - 44 years","Ukraine","Base migration calculation method","Number","-4"
"Estimated migration flows","2024Q2","Net migration","35 - 44 years","Ukraine","Base plus education migration calculation method","Number","18"
"Estimated migration flows","2024Q2","Net migration","35 - 44 years","All nationalities","Base migration calculation method","Number","3539"
"Estimated migration flows","2024Q2","Net migration","35 - 44 years","All nationalities","Base plus education migration calculation method","Number","3587"
"Estimated migration flows","2024Q2","Net migration","35 - 44 years","EU14 excl Irl (countries in the EU pre 2004 excluding UK & Ireland)","Base migration calculation method","Number","298"
"Estimated migration flows","2024Q2","Net migration","35 - 44 years","EU14 excl Irl (countries in the EU pre 2004 excluding UK & Ireland)","Base plus education migration calculation method","Number","306"
"Estimated migration flows","2024Q2","Net migration","35 - 44 years","EU15 to EU27 (accession countries joined post 2004)","Base migration calculation method","Number","-156"
"Estimated migration flows","2024Q2","Net migration","35 - 44 years","EU15 to EU27 (accession countries joined post 2004)","Base plus education migration calculation method","Number","-145"
"Estimated migration flows","2024Q2","Net migration","35 - 44 years","Other nationalities (3)","Base migration calculation method","Number","2082"
"Estimated migration flows","2024Q2","Net migration","35 - 44 years","Other nationalities (3)","Base plus education migration calculation method","Number","2075"
"Estimated migration flows","2024Q2","Net migration","45 years and over","Ireland","Base migration calculation method","Number","2077"
"Estimated migration flows","2024Q2","Net migration","45 years and over","Ireland","Base plus education migration calculation method","Number","2062"
"Estimated migration flows","2024Q2","Net migration","45 years and over","United Kingdom of Great Britain and Northern Ireland","Base migration calculation method","Number","220"
"Estimated migration flows","2024Q2","Net migration","45 years and over","United Kingdom of Great Britain and Northern Ireland","Base plus education migration calculation method","Number","218"
"Estimated migration flows","2024Q2","Net migration","45 years and over","Brazil","Base migration calculation method","Number","104"
"Estimated migration flows","2024Q2","Net migration","45 years and over","Brazil","Base plus education migration calculation method","Number","106"
"Estimated migration flows","2024Q2","Net migration","45 years and over","India","Base migration calculation method","Number","167"
"Estimated migration flows","2024Q2","Net migration","45 years and over","India","Base plus education migration calculation method","Number","169"
"Estimated migration flows","2024Q2","Net migration","45 years and over","Ukraine","Base migration calculation method","Number","10"
"Estimated migration flows","2024Q2","Net migration","45 years and over","Ukraine","Base plus education migration calculation method","Number","31"
"Estimated migration flows","2024Q2","Net migration","45 years and over","All nationalities","Base migration calculation method","Number","4172"
"Estimated migration flows","2024Q2","Net migration","45 years and over","All nationalities","Base plus education migration calculation method","Number","4205"
"Estimated migration flows","2024Q2","Net migration","45 years and over","EU14 excl Irl (countries in the EU pre 2004 excluding UK & Ireland)","Base migration calculation method","Number","363"
"Estimated migration flows","2024Q2","Net migration","45 years and over","EU14 excl Irl (countries in the EU pre 2004 excluding UK & Ireland)","Base plus education migration calculation method","Number","373"
"Estimated migration flows","2024Q2","Net migration","45 years and over","EU15 to EU27 (accession countries joined post 2004)","Base migration calculation method","Number","154"
"Estimated migration flows","2024Q2","Net migration","45 years and over","EU15 to EU27 (accession countries joined post 2004)","Base plus education migration calculation method","Number","163"
"Estimated migration flows","2024Q2","Net migration","45 years and over","Other nationalities (3)","Base migration calculation method","Number","1077"
"Estimated migration flows","2024Q2","Net migration","45 years and over","Other nationalities (3)","Base plus education migration calculation method","Number","1083"
"Estimated migration flows","2024Q2","Net migration","All ages","Ireland","Base migration calculation method","Number","4277"
"Estimated migration flows","2024Q2","Net migration","All ages","Ireland","Base plus education migration calculation method","Number","1388"
"Estimated migration flows","2024Q2","Net migration","All ages","United Kingdom of Great Britain and Northern Ireland","Base migration calculation method","Number","863"
"Estimated migration flows","2024Q2","Net migration","All ages","United Kingdom of Great Britain and Northern Ireland","Base plus education migration calculation method","Number","776"
"Estimated migration flows","2024Q2","Net migration","All ages","Brazil","Base migration calculation method","Number","1788"
"Estimated migration flows","2024Q2","Net migration","All ages","Brazil","Base plus education migration calculation method","Number","1817"
"Estimated migration flows","2024Q2","Net migration","All ages","India","Base migration calculation method","Number","4231"
"Estimated migration flows","2024Q2","Net migration","All ages","India","Base plus education migration calculation method","Number","4221"
"Estimated migration flows","2024Q2","Net migration","All ages","Ukraine","Base migration calculation method","Number","572"
"Estimated migration flows","2024Q2","Net migration","All ages","Ukraine","Base plus education migration calculation method","Number","632"
"Estimated migration flows","2024Q2","Net migration","All ages","All nationalities","Base migration calculation method","Number","27618"
"Estimated migration flows","2024Q2","Net migration","All ages","All nationalities","Base plus education migration calculation method","Number","24077"
"Estimated migration flows","2024Q2","Net migration","All ages","EU14 excl Irl (countries in the EU pre 2004 excluding UK & Ireland)","Base migration calculation method","Number","3460"
"Estimated migration flows","2024Q2","Net migration","All ages","EU14 excl Irl (countries in the EU pre 2004 excluding UK & Ireland)","Base plus education migration calculation method","Number","3449"
"Estimated migration flows","2024Q2","Net migration","All ages","EU15 to EU27 (accession countries joined post 2004)","Base migration calculation method","Number","1430"
"Estimated migration flows","2024Q2","Net migration","All ages","EU15 to EU27 (accession countries joined post 2004)","Base plus education migration calculation method","Number","1271"
"Estimated migration flows","2024Q2","Net migration","All ages","Other nationalities (3)","Base migration calculation method","Number","10997"
"Estimated migration flows","2024Q2","Net migration","All ages","Other nationalities (3)","Base plus education migration calculation method","Number","10523"
